start_time,end_time,instrument,note,start_beat,end_beat,note_value
91102,130014,1,68,0.0,0.989583333333,Quarter
91102,130014,1,60,0.0,0.989583333333,Quarter
130014,143838,1,70,1.0,0.989583333333,Quarter
130014,143838,1,61,1.0,0.989583333333,Quarter
143838,156126,1,58,2.0,0.989583333333,Quarter
143838,156126,1,67,2.0,0.989583333333,Quarter
156126,171998,1,53,3.0,0.989583333333,Quarter
171998,185822,1,68,4.0,0.989583333333,Quarter
171998,185822,1,60,4.0,0.989583333333,Quarter
186334,199646,1,65,5.0,0.989583333333,Quarter
186334,199646,1,56,5.0,0.989583333333,Quarter
199646,215006,1,65,6.0,0.989583333333,Quarter
199646,215006,1,60,6.0,0.989583333333,Quarter
199646,215006,1,56,6.0,0.989583333333,Quarter
199646,215006,1,53,6.0,0.989583333333,Quarter
215006,231389,1,64,7.0,0.989583333333,Quarter
215006,231389,1,60,7.0,0.989583333333,Quarter
215006,231389,1,58,7.0,0.989583333333,Quarter
215006,231389,1,55,7.0,0.989583333333,Quarter
231389,244701,1,65,8.0,0.989583333333,Quarter
231389,244701,1,60,8.0,0.989583333333,Quarter
231389,244701,1,56,8.0,0.989583333333,Quarter
231389,244701,1,53,8.0,0.989583333333,Quarter
244701,259550,1,60,9.0,0.989583333333,Quarter
244701,259550,1,67,9.0,0.989583333333,Quarter
244701,259550,1,55,9.0,0.989583333333,Quarter
244701,259550,1,52,9.0,0.989583333333,Quarter
261598,286686,1,60,10.0,1.98958333333,Half
261598,274398,1,70,10.0,0.989583333333,Quarter
261598,286686,1,56,10.0,1.98958333333,Half
261598,286686,1,53,10.0,1.98958333333,Half
274398,286686,1,68,11.0,0.989583333333,Quarter
286686,299998,1,72,12.0,0.989583333333,Quarter
286686,299998,1,63,12.0,0.989583333333,Quarter
299998,316894,1,65,13.0,0.989583333333,Quarter
299998,316894,1,73,13.0,0.989583333333,Quarter
316894,331230,1,61,14.0,0.989583333333,Quarter
316894,331230,1,70,14.0,0.989583333333,Quarter
331742,344030,1,56,15.0,0.989583333333,Quarter
331742,344030,1,44,15.0,0.989583333333,Quarter
344030,357854,1,72,16.0,0.989583333333,Quarter
344030,357854,1,63,16.0,0.989583333333,Quarter
357854,373214,1,68,17.0,0.989583333333,Quarter
357854,373214,1,60,17.0,0.989583333333,Quarter
373726,387550,1,68,18.0,0.989583333333,Quarter
373726,387550,1,63,18.0,0.989583333333,Quarter
373726,387550,1,56,18.0,0.989583333333,Quarter
373726,387550,1,60,18.0,0.989583333333,Quarter
387550,399838,1,61,19.0,0.989583333333,Quarter
387550,399838,1,67,19.0,0.989583333333,Quarter
387550,399838,1,63,19.0,0.989583333333,Quarter
387550,399838,1,58,19.0,0.989583333333,Quarter
400350,414686,1,60,20.0,0.989583333333,Quarter
400350,414686,1,56,20.0,0.989583333333,Quarter
400350,414686,1,63,20.0,0.989583333333,Quarter
400350,414686,1,68,20.0,0.989583333333,Quarter
414686,431070,1,70,21.0,0.989583333333,Quarter
414686,431070,1,63,21.0,0.989583333333,Quarter
414686,431070,1,58,21.0,0.989583333333,Quarter
414686,431070,1,55,21.0,0.989583333333,Quarter
431070,460766,1,56,22.0,1.98958333333,Half
431070,444381,1,73,22.0,0.989583333333,Quarter
431070,460766,1,63,22.0,1.98958333333,Half
431070,460766,1,60,22.0,1.98958333333,Half
446430,460766,1,72,23.0,0.989583333333,Quarter
460766,473054,1,75,24.0,0.989583333333,Quarter
460766,473054,1,68,24.0,0.989583333333,Quarter
460766,473054,1,60,24.0,0.989583333333,Quarter
460766,473054,1,63,24.0,0.989583333333,Quarter
473054,486366,1,75,25.0,0.989583333333,Quarter
473054,486366,1,67,25.0,0.989583333333,Quarter
473054,486366,1,58,25.0,0.989583333333,Quarter
473054,486366,1,61,25.0,0.989583333333,Quarter
486366,499678,1,60,26.0,0.989583333333,Quarter
486366,499678,1,75,26.0,0.989583333333,Quarter
486366,499678,1,68,26.0,0.989583333333,Quarter
486366,499678,1,56,26.0,0.989583333333,Quarter
499678,515038,1,70,27.0,0.989583333333,Quarter
499678,515038,1,75,27.0,0.989583333333,Quarter
499678,515038,1,55,27.0,0.989583333333,Quarter
499678,515038,1,58,27.0,0.989583333333,Quarter
516062,548830,1,75,28.0,1.98958333333,Half
516062,527838,1,73,28.0,0.989583333333,Quarter
516062,548830,1,56,28.0,1.98958333333,Half
527838,548830,1,72,29.0,0.989583333333,Quarter
548830,565214,1,49,30.0,0.989583333333,Quarter
548830,565214,1,77,30.0,0.989583333333,Quarter
548830,565214,1,58,30.0,0.989583333333,Quarter
565214,596958,1,68,31.0,1.98958333333,Half
565214,596958,1,60,31.0,1.98958333333,Half
565214,596958,1,51,31.0,1.98958333333,Half
597470,604638,1,72,33.0,0.385416666667,Dotted Sixteenth
597470,619998,1,67,33.0,0.989583333333,Quarter
597470,619998,1,61,33.0,0.989583333333,Quarter
597470,619998,1,51,33.0,0.989583333333,Quarter
604638,620510,1,70,33.3958333333,0.614583333333,Eighth
619998,635870,1,68,34.0,0.989583333333,Quarter
619998,635870,1,56,34.0,0.989583333333,Quarter
619998,635870,1,60,34.0,0.989583333333,Quarter
654302,660446,1,79,36.0,0.489583333333,Eighth
660446,675806,1,77,36.5,0.489583333333,Eighth
675806,707038,1,68,37.0,1.98958333333,Half
675806,707038,1,60,37.0,1.98958333333,Half
675806,707038,1,51,37.0,1.98958333333,Half
707038,729054,1,61,39.0,0.989583333333,Quarter
707038,714717,1,72,39.0,0.385416666667,Dotted Sixteenth
707038,729054,1,51,39.0,0.989583333333,Quarter
707038,729054,1,67,39.0,0.989583333333,Quarter
714717,729054,1,70,39.3958333333,0.59375,Eighth
729054,745950,1,68,40.0,0.989583333333,Quarter
729054,745950,1,56,40.0,0.989583333333,Quarter
729054,745950,1,60,40.0,0.989583333333,Quarter
771038,788446,1,68,42.0,0.989583333333,Quarter
771038,788446,1,60,42.0,0.989583333333,Quarter
788446,802782,1,70,43.0,0.989583333333,Quarter
788446,802782,1,61,43.0,0.989583333333,Quarter
802782,815581,1,67,44.0,0.989583333333,Quarter
802782,815581,1,58,44.0,0.989583333333,Quarter
815581,830430,1,53,45.0,0.989583333333,Quarter
830942,846301,1,68,46.0,0.989583333333,Quarter
830942,846301,1,60,46.0,0.989583333333,Quarter
846301,860125,1,65,47.0,0.989583333333,Quarter
846301,860125,1,56,47.0,0.989583333333,Quarter
860125,872414,1,56,48.0,0.989583333333,Quarter
860125,872414,1,65,48.0,0.989583333333,Quarter
860125,872414,1,60,48.0,0.989583333333,Quarter
860125,872414,1,53,48.0,0.989583333333,Quarter
872414,885214,1,60,49.0,0.989583333333,Quarter
872414,885214,1,58,49.0,0.989583333333,Quarter
872414,885214,1,55,49.0,0.989583333333,Quarter
872414,885214,1,64,49.0,0.989583333333,Quarter
885214,898014,1,65,50.0,0.989583333333,Quarter
885214,898014,1,60,50.0,0.989583333333,Quarter
885214,898014,1,56,50.0,0.989583333333,Quarter
885214,898014,1,53,50.0,0.989583333333,Quarter
898526,916958,1,52,51.0,0.989583333333,Quarter
898526,916958,1,67,51.0,0.989583333333,Quarter
898526,916958,1,60,51.0,0.989583333333,Quarter
898526,916958,1,55,51.0,0.989583333333,Quarter
916958,932830,1,70,52.0,0.989583333333,Quarter
916958,945630,1,60,52.0,1.98958333333,Half
916958,945630,1,56,52.0,1.98958333333,Half
916958,945630,1,53,52.0,1.98958333333,Half
932830,945630,1,68,53.0,0.989583333333,Quarter
945630,958430,1,72,54.0,0.989583333333,Quarter
945630,958430,1,63,54.0,0.989583333333,Quarter
958430,972766,1,73,55.0,0.989583333333,Quarter
958430,972766,1,65,55.0,0.989583333333,Quarter
973278,987614,1,70,56.0,0.989583333333,Quarter
973278,987614,1,61,56.0,0.989583333333,Quarter
987614,1002973,1,56,57.0,0.989583333333,Quarter
987614,1002973,1,44,57.0,0.989583333333,Quarter
1002973,1016797,1,72,58.0,0.989583333333,Quarter
1002973,1016797,1,63,58.0,0.989583333333,Quarter
1017310,1029598,1,60,59.0,0.989583333333,Quarter
1017310,1029598,1,68,59.0,0.989583333333,Quarter
1029598,1043422,1,60,60.0,0.989583333333,Quarter
1029598,1043422,1,68,60.0,0.989583333333,Quarter
1029598,1043422,1,63,60.0,0.989583333333,Quarter
1029598,1043422,1,56,60.0,0.989583333333,Quarter
1043422,1058782,1,61,61.0,0.989583333333,Quarter
1043422,1058782,1,67,61.0,0.989583333333,Quarter
1043422,1058782,1,63,61.0,0.989583333333,Quarter
1043422,1058782,1,58,61.0,0.989583333333,Quarter
1058782,1074142,1,68,62.0,0.989583333333,Quarter
1058782,1074142,1,63,62.0,0.989583333333,Quarter
1058782,1074142,1,60,62.0,0.989583333333,Quarter
1058782,1074142,1,56,62.0,0.989583333333,Quarter
1074142,1088990,1,70,63.0,0.989583333333,Quarter
1074142,1088990,1,63,63.0,0.989583333333,Quarter
1074142,1088990,1,58,63.0,0.989583333333,Quarter
1074142,1088990,1,55,63.0,0.989583333333,Quarter
1089502,1114078,1,60,64.0,1.98958333333,Half
1089502,1101278,1,73,64.0,0.989583333333,Quarter
1089502,1114078,1,63,64.0,1.98958333333,Half
1089502,1114078,1,56,64.0,1.98958333333,Half
1101278,1114078,1,72,65.0,0.989583333333,Quarter
1114078,1127902,1,68,66.0,0.989583333333,Quarter
1114078,1127902,1,60,66.0,0.989583333333,Quarter
1114078,1127902,1,63,66.0,0.989583333333,Quarter
1114078,1127902,1,75,66.0,0.989583333333,Quarter
1127902,1140702,1,75,67.0,0.989583333333,Quarter
1127902,1140702,1,67,67.0,0.989583333333,Quarter
1127902,1140702,1,58,67.0,0.989583333333,Quarter
1127902,1140702,1,61,67.0,0.989583333333,Quarter
1140702,1154526,1,60,68.0,0.989583333333,Quarter
1140702,1154526,1,75,68.0,0.989583333333,Quarter
1140702,1154526,1,68,68.0,0.989583333333,Quarter
1140702,1154526,1,56,68.0,0.989583333333,Quarter
1155038,1168862,1,70,69.0,0.989583333333,Quarter
1155038,1168862,1,75,69.0,0.989583333333,Quarter
1155038,1168862,1,55,69.0,0.989583333333,Quarter
1155038,1168862,1,58,69.0,0.989583333333,Quarter
1168862,1204190,1,75,70.0,1.98958333333,Half
1168862,1187806,1,73,70.0,0.989583333333,Quarter
1168862,1204190,1,56,70.0,1.98958333333,Half
1187806,1204190,1,72,71.0,0.989583333333,Quarter
1204190,1220574,1,49,72.0,0.989583333333,Quarter
1204190,1220574,1,77,72.0,0.989583333333,Quarter
1204190,1220574,1,58,72.0,0.989583333333,Quarter
1220574,1256414,1,60,73.0,1.98958333333,Half
1220574,1256414,1,68,73.0,1.98958333333,Half
1220574,1256414,1,51,73.0,1.98958333333,Half
1256414,1277918,1,67,75.0,0.989583333333,Quarter
1256414,1267166,1,72,75.0,0.385416666667,Dotted Sixteenth
1256414,1277918,1,61,75.0,0.989583333333,Quarter
1256414,1277918,1,51,75.0,0.989583333333,Quarter
1267166,1277918,1,70,75.3958333333,0.59375,Eighth
1277918,1293790,1,68,76.0,0.989583333333,Quarter
1277918,1293790,1,56,76.0,0.989583333333,Quarter
1277918,1293790,1,60,76.0,0.989583333333,Quarter
1312734,1320926,1,79,78.0,0.489583333333,Eighth
1320926,1330654,1,77,78.5,0.489583333333,Eighth
1331678,1363422,1,60,79.0,1.98958333333,Half
1331678,1363422,1,68,79.0,1.98958333333,Half
1331678,1363422,1,51,79.0,1.98958333333,Half
1363422,1369054,1,72,81.0,0.385416666667,Dotted Sixteenth
1363422,1383902,1,67,81.0,0.989583333333,Quarter
1363422,1383902,1,61,81.0,0.989583333333,Quarter
1363422,1383902,1,51,81.0,0.989583333333,Quarter
1369566,1383902,1,70,81.3958333333,0.59375,Eighth
1384414,1407966,1,68,82.0,0.989583333333,Quarter
1384414,1407966,1,56,82.0,0.989583333333,Quarter
1384414,1407966,1,60,82.0,0.989583333333,Quarter
1429469,1444830,1,72,84.0,0.989583333333,Quarter
1429469,1444830,1,75,84.0,0.989583333333,Quarter
1444830,1460702,1,76,85.0,0.989583333333,Quarter
1444830,1460702,1,73,85.0,0.989583333333,Quarter
1460702,1475038,1,70,86.0,0.989583333333,Quarter
1460702,1475038,1,73,86.0,0.989583333333,Quarter
1460702,1475038,1,58,86.0,0.989583333333,Quarter
1460702,1475038,1,55,86.0,0.989583333333,Quarter
1476062,1489886,1,58,87.0,0.989583333333,Quarter
1476062,1489886,1,61,87.0,0.989583333333,Quarter
1489886,1502173,1,75,88.0,0.989583333333,Quarter
1489886,1502173,1,72,88.0,0.989583333333,Quarter
1502173,1517534,1,60,89.0,0.989583333333,Quarter
1502173,1517534,1,72,89.0,0.989583333333,Quarter
1502173,1517534,1,68,89.0,0.989583333333,Quarter
1502173,1517534,1,56,89.0,0.989583333333,Quarter
1517534,1531870,1,60,90.0,0.989583333333,Quarter
1517534,1531870,1,63,90.0,0.989583333333,Quarter
1531870,1544158,1,75,91.0,0.989583333333,Quarter
1531870,1544158,1,78,91.0,0.989583333333,Quarter
1544670,1557470,1,57,92.0,0.989583333333,Quarter
1544670,1557470,1,75,92.0,0.989583333333,Quarter
1544670,1557470,1,72,92.0,0.989583333333,Quarter
1544670,1557470,1,60,92.0,0.989583333333,Quarter
1557470,1572318,1,63,93.0,0.989583333333,Quarter
1557470,1572318,1,60,93.0,0.989583333333,Quarter
1572318,1586141,1,77,94.0,0.989583333333,Quarter
1572318,1586141,1,73,94.0,0.989583333333,Quarter
1586141,1601502,1,73,95.0,0.989583333333,Quarter
1586141,1601502,1,70,95.0,0.989583333333,Quarter
1586141,1601502,1,58,95.0,0.989583333333,Quarter
1586141,1601502,1,61,95.0,0.989583333333,Quarter
1601502,1617886,1,65,96.0,0.989583333333,Quarter
1601502,1617886,1,61,96.0,0.989583333333,Quarter
1618398,1650142,1,61,97.0,1.98958333333,Half
1618398,1650142,1,70,97.0,1.98958333333,Half
1618398,1650142,1,65,97.0,1.98958333333,Half
1618398,1650142,1,53,97.0,1.98958333333,Half
1650142,1671646,1,63,99.0,0.989583333333,Quarter
1650142,1656798,1,73,99.0,0.364583333333,Dotted Sixteenth
1650142,1671646,1,69,99.0,0.989583333333,Quarter
1650142,1671646,1,53,99.0,0.989583333333,Quarter
1656798,1671646,1,72,99.375,0.614583333333,Eighth
1672158,1691614,1,58,100.0,0.989583333333,Quarter
1672158,1691614,1,70,100.0,0.989583333333,Quarter
1672158,1691614,1,61,100.0,0.989583333333,Quarter
1705950,1713118,1,78,102.0,0.489583333333,Eighth
1713118,1724894,1,77,102.5,0.489583333333,Eighth
1724894,1752542,1,53,103.0,1.98958333333,Half
1724894,1752542,1,70,103.0,1.98958333333,Half
1724894,1752542,1,65,103.0,1.98958333333,Half
1724894,1752542,1,61,103.0,1.98958333333,Half
1756126,1776606,1,53,105.0,0.989583333333,Quarter
1756126,1765341,1,73,105.0,0.364583333333,Dotted Sixteenth
1756126,1776606,1,69,105.0,0.989583333333,Quarter
1756126,1776606,1,63,105.0,0.989583333333,Quarter
1765341,1776606,1,72,105.375,0.614583333333,Eighth
1776606,1790430,1,58,106.0,0.989583333333,Quarter
1776606,1790430,1,70,106.0,0.989583333333,Quarter
1776606,1790430,1,61,106.0,0.989583333333,Quarter
1802718,1821662,1,63,108.0,0.989583333333,Quarter
1802718,1810398,1,73,108.0,0.489583333333,Eighth
1802718,1821662,1,69,108.0,0.989583333333,Quarter
1802718,1821662,1,53,108.0,0.989583333333,Quarter
1810910,1821662,1,72,108.5,0.489583333333,Eighth
1821662,1836510,1,58,109.0,0.989583333333,Quarter
1821662,1836510,1,70,109.0,0.989583333333,Quarter
1821662,1836510,1,61,109.0,0.989583333333,Quarter
1849822,1866718,1,63,111.0,0.989583333333,Quarter
1849822,1858526,1,73,111.0,0.489583333333,Eighth
1849822,1866718,1,69,111.0,0.989583333333,Quarter
1849822,1866718,1,53,111.0,0.989583333333,Quarter
1859038,1866718,1,72,111.5,0.489583333333,Eighth
1866718,1881054,1,61,112.0,0.989583333333,Quarter
1866718,1881054,1,70,112.0,0.989583333333,Quarter
1866718,1881054,1,58,112.0,0.989583333333,Quarter
1898462,1906142,1,61,114.0,0.489583333333,Eighth
1898462,1906142,1,73,114.0,0.489583333333,Eighth
1906142,1913822,1,72,114.5,0.489583333333,Eighth
1906142,1913822,1,60,114.5,0.489583333333,Eighth
1914334,1920990,1,70,115.0,0.489583333333,Eighth
1914334,1920990,1,58,115.0,0.489583333333,Eighth
1920990,1926622,1,60,115.5,0.489583333333,Eighth
1920990,1926622,1,72,115.5,0.489583333333,Eighth
1926622,1933278,1,73,116.0,0.489583333333,Eighth
1926622,1933278,1,61,116.0,0.489583333333,Eighth
1933790,1939422,1,72,116.5,0.489583333333,Eighth
1933790,1939422,1,60,116.5,0.489583333333,Eighth
1939422,1945566,1,58,117.0,0.489583333333,Eighth
1939422,1945566,1,70,117.0,0.489583333333,Eighth
1945566,1953246,1,72,117.5,0.489583333333,Eighth
1945566,1953246,1,60,117.5,0.489583333333,Eighth
1953246,1959390,1,70,118.0,0.489583333333,Eighth
1953246,1959390,1,58,118.0,0.489583333333,Eighth
1959390,1965022,1,68,118.5,0.489583333333,Eighth
1959390,1965022,1,56,118.5,0.489583333333,Eighth
1965022,1971677,1,67,119.0,0.489583333333,Eighth
1965022,1971677,1,55,119.0,0.489583333333,Eighth
1971677,1977309,1,68,119.5,0.489583333333,Eighth
1971677,1977309,1,56,119.5,0.489583333333,Eighth
1977821,1983966,1,67,120.0,0.489583333333,Eighth
1977821,1983966,1,55,120.0,0.489583333333,Eighth
1983966,1990110,1,53,120.5,0.489583333333,Eighth
1983966,1990110,1,65,120.5,0.489583333333,Eighth
1990110,1996254,1,64,121.0,0.489583333333,Eighth
1990110,1996254,1,52,121.0,0.489583333333,Eighth
1996766,2002398,1,65,121.5,0.489583333333,Eighth
1996766,2002398,1,53,121.5,0.489583333333,Eighth
2002398,2009054,1,67,122.0,0.489583333333,Eighth
2002398,2009054,1,55,122.0,0.489583333333,Eighth
2009054,2015710,1,65,122.5,0.489583333333,Eighth
2009054,2015710,1,53,122.5,0.489583333333,Eighth
2016222,2023902,1,68,123.0,0.489583333333,Eighth
2016222,2023902,1,56,123.0,0.489583333333,Eighth
2023902,2030046,1,59,123.5,0.489583333333,Eighth
2023902,2030046,1,47,123.5,0.489583333333,Eighth
2030046,2044381,1,60,124.0,0.989583333333,Quarter
2030046,2044381,1,48,124.0,0.989583333333,Quarter
2044893,2058206,1,60,125.0,0.989583333333,Quarter
2058206,2071518,1,68,126.0,0.989583333333,Quarter
2058206,2071518,1,60,126.0,0.989583333333,Quarter
2071518,2084830,1,70,127.0,0.989583333333,Quarter
2071518,2084830,1,61,127.0,0.989583333333,Quarter
2085342,2097630,1,67,128.0,0.989583333333,Quarter
2085342,2097630,1,58,128.0,0.989583333333,Quarter
2097630,2111454,1,76,129.0,0.989583333333,Quarter
2097630,2111454,1,67,129.0,0.989583333333,Quarter
2097630,2111454,1,58,129.0,0.989583333333,Quarter
2111454,2124254,1,77,130.0,0.989583333333,Quarter
2111454,2124254,1,68,130.0,0.989583333333,Quarter
2111454,2124254,1,60,130.0,0.989583333333,Quarter
2124254,2137054,1,65,131.0,0.989583333333,Quarter
2124254,2137054,1,56,131.0,0.989583333333,Quarter
2124254,2137054,1,80,131.0,0.989583333333,Quarter
2137054,2149854,1,53,132.0,0.989583333333,Quarter
2137054,2143198,1,84,132.0,0.489583333333,Eighth
2137054,2149854,1,56,132.0,0.989583333333,Quarter
2139614,2146270,1,85,132.25,0.489583333333,Eighth
2143198,2149854,1,82,132.5,0.489583333333,Eighth
2146270,2149854,1,84,132.75,0.239583333333,Sixteenth
2150366,2163678,1,55,133.0,0.989583333333,Quarter
2150366,2163678,1,85,133.0,0.989583333333,Quarter
2150366,2163678,1,52,133.0,0.989583333333,Quarter
2163678,2176990,1,55,134.0,0.989583333333,Quarter
2163678,2176990,1,82,134.0,0.989583333333,Quarter
2163678,2176990,1,58,134.0,0.989583333333,Quarter
2176990,2193374,1,58,135.0,0.989583333333,Quarter
2176990,2185182,1,82,135.0,0.489583333333,Eighth
2176990,2193374,1,55,135.0,0.989583333333,Quarter
2181598,2188766,1,84,135.25,0.489583333333,Eighth
2185182,2193374,1,80,135.5,0.489583333333,Eighth
2188766,2193374,1,82,135.75,0.239583333333,Sixteenth
2193374,2208734,1,53,136.0,0.989583333333,Quarter
2193374,2208734,1,84,136.0,0.989583333333,Quarter
2193374,2208734,1,56,136.0,0.989583333333,Quarter
2208734,2221022,1,80,137.0,0.989583333333,Quarter
2208734,2221022,1,56,137.0,0.989583333333,Quarter
2208734,2221022,1,60,137.0,0.989583333333,Quarter
2221534,2233822,1,65,138.0,0.989583333333,Quarter
2221534,2229214,1,80,138.0,0.489583333333,Eighth
2221534,2233822,1,56,138.0,0.989583333333,Quarter
2221534,2233822,1,60,138.0,0.989583333333,Quarter
2225630,2232286,1,82,138.25,0.489583333333,Eighth
2229214,2233822,1,79,138.5,0.489583333333,Eighth
2232286,2233822,1,80,138.75,0.239583333333,Sixteenth
2233822,2245086,1,64,139.0,0.989583333333,Quarter
2233822,2245086,1,82,139.0,0.989583333333,Quarter
2233822,2245086,1,58,139.0,0.989583333333,Quarter
2233822,2245086,1,55,139.0,0.989583333333,Quarter
2245086,2260958,1,64,140.0,0.989583333333,Quarter
2245086,2260958,1,79,140.0,0.989583333333,Quarter
2245086,2260958,1,61,140.0,0.989583333333,Quarter
2245086,2260958,1,58,140.0,0.989583333333,Quarter
2260958,2273758,1,64,141.0,0.989583333333,Quarter
2260958,2267614,1,79,141.0,0.489583333333,Eighth
2260958,2273758,1,61,141.0,0.989583333333,Quarter
2260958,2273758,1,58,141.0,0.989583333333,Quarter
2264542,2270686,1,80,141.25,0.489583333333,Eighth
2267614,2273758,1,77,141.5,0.489583333333,Eighth
2270686,2273758,1,79,141.75,0.239583333333,Sixteenth
2273758,2287070,1,80,142.0,0.989583333333,Quarter
2273758,2287070,1,65,142.0,0.989583333333,Quarter
2273758,2304990,1,62,142.0,1.98958333333,Half
2273758,2304990,1,59,142.0,1.98958333333,Half
2287582,2304990,1,68,143.0,0.989583333333,Quarter
2287582,2304990,1,77,143.0,0.989583333333,Quarter
2304990,2325470,1,59,144.0,0.989583333333,Quarter
2304990,2325470,1,77,144.0,0.989583333333,Quarter
2304990,2325470,1,68,144.0,0.989583333333,Quarter
2304990,2325470,1,62,144.0,0.989583333333,Quarter
2325982,2357726,1,77,145.0,1.98958333333,Half
2325982,2357726,1,68,145.0,1.98958333333,Half
2325982,2357726,1,60,145.0,1.98958333333,Half
2357726,2363358,1,80,147.0,0.375,Dotted Sixteenth
2357726,2376670,1,76,147.0,0.989583333333,Quarter
2357726,2376670,1,60,147.0,0.989583333333,Quarter
2357726,2376670,1,70,147.0,0.989583333333,Quarter
2363358,2376670,1,79,147.385416667,0.604166666667,Eighth
2376670,2398686,1,77,148.0,0.989583333333,Quarter
2376670,2398686,1,65,148.0,0.989583333333,Quarter
2376670,2398686,1,68,148.0,0.989583333333,Quarter
2413534,2419678,1,75,150.0,0.489583333333,Eighth
2419678,2430942,1,73,150.5,0.489583333333,Eighth
2430942,2460126,1,48,151.0,1.98958333333,Half
2430942,2460126,1,65,151.0,1.98958333333,Half
2430942,2460126,1,56,151.0,1.98958333333,Half
2460126,2479582,1,58,153.0,0.989583333333,Quarter
2460126,2466270,1,68,153.0,0.375,Dotted Sixteenth
2460126,2479582,1,48,153.0,0.989583333333,Quarter
2460126,2479582,1,64,153.0,0.989583333333,Quarter
2470366,2479582,1,67,153.385416667,0.604166666667,Eighth
2479582,2497502,1,65,154.0,0.989583333333,Quarter
2479582,2497502,1,56,154.0,0.989583333333,Quarter
2479582,2497502,1,53,154.0,0.989583333333,Quarter
2533342,2580958,1,60,157.0,2.98958333333,Dotted Half
2533342,2580958,1,55,157.0,2.98958333333,Dotted Half
2533342,2580958,1,52,157.0,2.98958333333,Dotted Half
2533342,2580958,1,48,157.0,2.98958333333,Dotted Half
2533342,2580958,1,36,157.0,2.98958333333,Dotted Half
2581470,2597854,1,53,160.0,0.989583333333,Quarter
2581470,2597854,1,41,160.0,0.989583333333,Quarter
2624990,2640862,1,72,162.0,0.989583333333,Quarter
2624990,2640862,1,75,162.0,0.989583333333,Quarter
2641374,2657758,1,76,163.0,0.989583333333,Quarter
2641374,2657758,1,73,163.0,0.989583333333,Quarter
2657758,2671070,1,70,164.0,0.989583333333,Quarter
2657758,2671070,1,73,164.0,0.989583333333,Quarter
2657758,2671070,1,58,164.0,0.989583333333,Quarter
2657758,2671070,1,55,164.0,0.989583333333,Quarter
2671070,2686430,1,61,165.0,0.989583333333,Quarter
2671070,2686430,1,58,165.0,0.989583333333,Quarter
2686430,2699742,1,75,166.0,0.989583333333,Quarter
2686430,2699742,1,72,166.0,0.989583333333,Quarter
2699742,2715102,1,68,167.0,0.989583333333,Quarter
2699742,2715102,1,72,167.0,0.989583333333,Quarter
2699742,2715102,1,60,167.0,0.989583333333,Quarter
2699742,2715102,1,56,167.0,0.989583333333,Quarter
2716126,2729438,1,60,168.0,0.989583333333,Quarter
2716126,2729438,1,63,168.0,0.989583333333,Quarter
2729438,2743774,1,78,169.0,0.989583333333,Quarter
2729438,2743774,1,75,169.0,0.989583333333,Quarter
2743774,2757086,1,75,170.0,0.989583333333,Quarter
2743774,2757086,1,72,170.0,0.989583333333,Quarter
2743774,2757086,1,57,170.0,0.989583333333,Quarter
2743774,2757086,1,60,170.0,0.989583333333,Quarter
2757086,2769374,1,60,171.0,0.989583333333,Quarter
2757086,2769374,1,63,171.0,0.989583333333,Quarter
2769374,2783710,1,77,172.0,0.989583333333,Quarter
2769374,2783710,1,73,172.0,0.989583333333,Quarter
2784222,2798558,1,58,173.0,0.989583333333,Quarter
2784222,2798558,1,73,173.0,0.989583333333,Quarter
2784222,2798558,1,70,173.0,0.989583333333,Quarter
2784222,2798558,1,61,173.0,0.989583333333,Quarter
2798558,2812894,1,65,174.0,0.989583333333,Quarter
2798558,2812894,1,61,174.0,0.989583333333,Quarter
2812894,2843102,1,70,175.0,1.98958333333,Half
2812894,2843102,1,65,175.0,1.98958333333,Half
2812894,2843102,1,61,175.0,1.98958333333,Half
2812894,2843102,1,53,175.0,1.98958333333,Half
2843102,2866654,1,53,177.0,0.989583333333,Quarter
2843102,2847710,1,73,177.0,0.364583333333,Dotted Sixteenth
2843102,2866654,1,69,177.0,0.989583333333,Quarter
2843102,2866654,1,63,177.0,0.989583333333,Quarter
2847710,2866654,1,72,177.375,0.614583333333,Eighth
2867166,2889182,1,70,178.0,0.989583333333,Quarter
2867166,2889182,1,58,178.0,0.989583333333,Quarter
2867166,2889182,1,61,178.0,0.989583333333,Quarter
2902493,2910686,1,78,180.0,0.489583333333,Eighth
2910686,2921438,1,77,180.5,0.489583333333,Eighth
2921950,2953694,1,70,181.0,1.98958333333,Half
2921950,2953694,1,65,181.0,1.98958333333,Half
2921950,2953694,1,61,181.0,1.98958333333,Half
2921950,2953694,1,53,181.0,1.98958333333,Half
2953694,2973662,1,53,183.0,0.989583333333,Quarter
2953694,2959838,1,73,183.0,0.364583333333,Dotted Sixteenth
2953694,2973662,1,69,183.0,0.989583333333,Quarter
2953694,2973662,1,63,183.0,0.989583333333,Quarter
2959838,2973662,1,72,183.375,0.614583333333,Eighth
2973662,2987486,1,58,184.0,0.989583333333,Quarter
2973662,2987486,1,70,184.0,0.989583333333,Quarter
2973662,2987486,1,61,184.0,0.989583333333,Quarter
3000798,3018718,1,63,186.0,0.989583333333,Quarter
3000798,3010526,1,73,186.0,0.489583333333,Eighth
3000798,3018718,1,69,186.0,0.989583333333,Quarter
3000798,3018718,1,53,186.0,0.989583333333,Quarter
3010526,3018718,1,72,186.5,0.489583333333,Eighth
3018718,3034590,1,70,187.0,0.989583333333,Quarter
3018718,3034590,1,58,187.0,0.989583333333,Quarter
3018718,3034590,1,61,187.0,0.989583333333,Quarter
3047901,3056606,1,73,189.0,0.489583333333,Eighth
3047901,3066334,1,69,189.0,0.989583333333,Quarter
3047901,3066334,1,63,189.0,0.989583333333,Quarter
3047901,3066334,1,53,189.0,0.989583333333,Quarter
3056606,3066334,1,72,189.5,0.489583333333,Eighth
3066334,3080158,1,70,190.0,0.989583333333,Quarter
3066334,3080158,1,58,190.0,0.989583333333,Quarter
3066334,3080158,1,61,190.0,0.989583333333,Quarter
3097566,3104734,1,73,192.0,0.489583333333,Eighth
3097566,3104734,1,61,192.0,0.489583333333,Eighth
3105245,3111902,1,72,192.5,0.489583333333,Eighth
3105245,3111902,1,60,192.5,0.489583333333,Eighth
3111902,3119070,1,70,193.0,0.489583333333,Eighth
3111902,3119070,1,58,193.0,0.489583333333,Eighth
3119070,3125726,1,72,193.5,0.489583333333,Eighth
3119070,3125726,1,60,193.5,0.489583333333,Eighth
3126238,3131870,1,73,194.0,0.489583333333,Eighth
3126238,3131870,1,61,194.0,0.489583333333,Eighth
3131870,3138526,1,72,194.5,0.489583333333,Eighth
3131870,3138526,1,60,194.5,0.489583333333,Eighth
3138526,3144670,1,70,195.0,0.489583333333,Eighth
3138526,3144670,1,58,195.0,0.489583333333,Eighth
3144670,3151326,1,72,195.5,0.489583333333,Eighth
3144670,3151326,1,60,195.5,0.489583333333,Eighth
3151838,3156958,1,70,196.0,0.489583333333,Eighth
3151838,3156958,1,58,196.0,0.489583333333,Eighth
3156958,3162078,1,68,196.5,0.489583333333,Eighth
3156958,3162078,1,56,196.5,0.489583333333,Eighth
3162078,3168222,1,67,197.0,0.489583333333,Eighth
3162078,3168222,1,55,197.0,0.489583333333,Eighth
3168734,3174878,1,68,197.5,0.489583333333,Eighth
3168734,3174878,1,56,197.5,0.489583333333,Eighth
3174878,3181534,1,67,198.0,0.489583333333,Eighth
3174878,3181534,1,55,198.0,0.489583333333,Eighth
3181534,3188190,1,65,198.5,0.489583333333,Eighth
3181534,3188190,1,53,198.5,0.489583333333,Eighth
3189726,3194333,1,52,199.0,0.489583333333,Eighth
3189726,3194333,1,64,199.0,0.489583333333,Eighth
3194333,3200478,1,53,199.5,0.489583333333,Eighth
3194333,3200478,1,65,199.5,0.489583333333,Eighth
3200478,3204573,1,67,200.0,0.489583333333,Eighth
3200478,3204573,1,55,200.0,0.489583333333,Eighth
3204573,3211742,1,53,200.5,0.489583333333,Eighth
3204573,3211742,1,65,200.5,0.489583333333,Eighth
3211742,3219422,1,68,201.0,0.489583333333,Eighth
3211742,3219422,1,56,201.0,0.489583333333,Eighth
3219422,3226590,1,59,201.5,0.489583333333,Eighth
3219422,3226590,1,47,201.5,0.489583333333,Eighth
3226590,3238878,1,48,202.0,0.989583333333,Quarter
3226590,3238878,1,60,202.0,0.989583333333,Quarter
3238878,3256798,1,60,203.0,0.989583333333,Quarter
3257310,3270110,1,68,204.0,0.989583333333,Quarter
3257310,3270110,1,60,204.0,0.989583333333,Quarter
3270110,3283421,1,70,205.0,0.989583333333,Quarter
3270110,3283421,1,61,205.0,0.989583333333,Quarter
3283421,3296734,1,67,206.0,0.989583333333,Quarter
3283421,3296734,1,58,206.0,0.989583333333,Quarter
3296734,3307998,1,76,207.0,0.989583333333,Quarter
3296734,3307998,1,67,207.0,0.989583333333,Quarter
3296734,3307998,1,58,207.0,0.989583333333,Quarter
3307998,3321310,1,60,208.0,0.989583333333,Quarter
3307998,3321310,1,77,208.0,0.989583333333,Quarter
3307998,3321310,1,68,208.0,0.989583333333,Quarter
3321822,3334109,1,65,209.0,0.989583333333,Quarter
3321822,3334109,1,80,209.0,0.989583333333,Quarter
3321822,3334109,1,56,209.0,0.989583333333,Quarter
3334109,3348446,1,53,210.0,0.989583333333,Quarter
3334109,3340254,1,84,210.0,0.489583333333,Eighth
3334109,3348446,1,56,210.0,0.989583333333,Quarter
3337182,3343326,1,85,210.25,0.489583333333,Eighth
3340766,3348446,1,82,210.5,0.489583333333,Eighth
3343838,3348446,1,84,210.75,0.239583333333,Sixteenth
3348446,3364318,1,85,211.0,0.989583333333,Quarter
3348446,3364318,1,55,211.0,0.989583333333,Quarter
3348446,3364318,1,52,211.0,0.989583333333,Quarter
3364318,3376606,1,82,212.0,0.989583333333,Quarter
3364318,3376606,1,55,212.0,0.989583333333,Quarter
3364318,3376606,1,58,212.0,0.989583333333,Quarter
3376606,3383262,1,82,213.0,0.489583333333,Eighth
3376606,3390429,1,55,213.0,0.989583333333,Quarter
3376606,3390429,1,58,213.0,0.989583333333,Quarter
3379678,3386846,1,84,213.25,0.489583333333,Eighth
3383262,3390429,1,80,213.5,0.489583333333,Eighth
3387870,3390429,1,82,213.75,0.239583333333,Sixteenth
3390942,3404254,1,56,214.0,0.989583333333,Quarter
3390942,3404254,1,53,214.0,0.989583333333,Quarter
3390942,3404254,1,84,214.0,0.989583333333,Quarter
3404254,3416542,1,56,215.0,0.989583333333,Quarter
3404254,3416542,1,80,215.0,0.989583333333,Quarter
3404254,3416542,1,60,215.0,0.989583333333,Quarter
3416542,3422686,1,80,216.0,0.489583333333,Eighth
3416542,3430366,1,56,216.0,0.989583333333,Quarter
3416542,3430366,1,60,216.0,0.989583333333,Quarter
3416542,3430366,1,65,216.0,0.989583333333,Quarter
3419614,3427294,1,82,216.25,0.489583333333,Eighth
3422686,3430366,1,79,216.5,0.489583333333,Eighth
3427294,3430366,1,80,216.75,0.239583333333,Sixteenth
3430878,3443166,1,64,217.0,0.989583333333,Quarter
3430878,3443166,1,82,217.0,0.989583333333,Quarter
3430878,3443166,1,58,217.0,0.989583333333,Quarter
3430878,3443166,1,55,217.0,0.989583333333,Quarter
3443166,3455966,1,79,218.0,0.989583333333,Quarter
3443166,3455966,1,64,218.0,0.989583333333,Quarter
3443166,3455966,1,61,218.0,0.989583333333,Quarter
3443166,3455966,1,58,218.0,0.989583333333,Quarter
3456989,3469790,1,58,219.0,0.989583333333,Quarter
3456989,3463134,1,79,219.0,0.489583333333,Eighth
3456989,3469790,1,64,219.0,0.989583333333,Quarter
3456989,3469790,1,61,219.0,0.989583333333,Quarter
3460062,3466718,1,80,219.25,0.489583333333,Eighth
3463134,3469790,1,77,219.5,0.489583333333,Eighth
3466718,3469790,1,79,219.75,0.239583333333,Sixteenth
3469790,3506653,1,62,220.0,1.98958333333,Half
3469790,3488734,1,80,220.0,0.989583333333,Quarter
3469790,3488734,1,65,220.0,0.989583333333,Quarter
3469790,3506653,1,59,220.0,1.98958333333,Half
3488734,3506653,1,77,221.0,0.989583333333,Quarter
3488734,3506653,1,68,221.0,0.989583333333,Quarter
3506653,3525598,1,68,222.0,0.989583333333,Quarter
3506653,3525598,1,62,222.0,0.989583333333,Quarter
3506653,3525598,1,77,222.0,0.989583333333,Quarter
3506653,3525598,1,59,222.0,0.989583333333,Quarter
3525598,3555294,1,77,223.0,1.98958333333,Half
3525598,3555294,1,68,223.0,1.98958333333,Half
3525598,3555294,1,60,223.0,1.98958333333,Half
3555294,3572190,1,60,225.0,0.989583333333,Quarter
3555294,3563486,1,80,225.0,0.375,Dotted Sixteenth
3555294,3572190,1,76,225.0,0.989583333333,Quarter
3555294,3572190,1,70,225.0,0.989583333333,Quarter
3563998,3572190,1,79,225.385416667,0.604166666667,Eighth
3572190,3593694,1,77,226.0,0.989583333333,Quarter
3572190,3593694,1,65,226.0,0.989583333333,Quarter
3572190,3593694,1,68,226.0,0.989583333333,Quarter
3610078,3618270,1,75,228.0,0.489583333333,Eighth
3618270,3626974,1,73,228.5,0.489583333333,Eighth
3626974,3660254,1,65,229.0,1.98958333333,Half
3626974,3660254,1,56,229.0,1.98958333333,Half
3626974,3660254,1,48,229.0,1.98958333333,Half
3660254,3676638,1,64,231.0,0.989583333333,Quarter
3660254,3667422,1,68,231.0,0.375,Dotted Sixteenth
3660254,3676638,1,58,231.0,0.989583333333,Quarter
3660254,3676638,1,48,231.0,0.989583333333,Quarter
3667422,3676638,1,67,231.385416667,0.604166666667,Eighth
3677150,3691998,1,65,232.0,0.989583333333,Quarter
3677150,3691998,1,56,232.0,0.989583333333,Quarter
3677150,3691998,1,53,232.0,0.989583333333,Quarter
3730398,3785694,1,60,235.0,2.98958333333,Dotted Half
3730398,3785694,1,55,235.0,2.98958333333,Dotted Half
3730398,3785694,1,52,235.0,2.98958333333,Dotted Half
3730398,3785694,1,48,235.0,2.98958333333,Dotted Half
3730398,3785694,1,36,235.0,2.98958333333,Dotted Half
3785694,3807198,1,41,238.0,0.989583333333,Quarter
3785694,3807198,1,53,238.0,0.989583333333,Quarter
3831774,3869662,1,60,240.0,0.989583333333,Quarter
3869662,3878366,1,69,241.0,0.489583333333,Eighth
3869662,3886558,1,53,241.0,0.989583333333,Quarter
3878366,3886558,1,67,241.5,0.489583333333,Eighth
3886558,3900894,1,57,242.0,0.989583333333,Quarter
3886558,3894238,1,69,242.0,0.489583333333,Eighth
3894238,3900894,1,65,242.5,0.489583333333,Eighth
3900894,3909598,1,67,243.0,0.489583333333,Eighth
3900894,3915230,1,60,243.0,0.989583333333,Quarter
3909598,3915230,1,69,243.5,0.489583333333,Eighth
3915741,3931614,1,62,244.0,0.989583333333,Quarter
3915741,3922398,1,70,244.0,0.489583333333,Eighth
3922398,3931614,1,69,244.5,0.489583333333,Eighth
3931614,3938269,1,70,245.0,0.489583333333,Eighth
3931614,3944414,1,55,245.0,0.989583333333,Quarter
3938782,3944414,1,67,245.5,0.489583333333,Eighth
3944414,3959262,1,53,246.0,0.989583333333,Quarter
3944414,3950558,1,69,246.0,0.489583333333,Eighth
3950558,3959262,1,70,246.5,0.489583333333,Eighth
3959773,3970014,1,72,247.0,0.489583333333,Eighth
3959773,3976158,1,52,247.0,0.989583333333,Quarter
3970014,3976158,1,71,247.5,0.489583333333,Eighth
3976158,3991006,1,55,248.0,0.989583333333,Quarter
3976158,3982301,1,72,248.0,0.489583333333,Eighth
3982301,3991006,1,74,248.5,0.489583333333,Eighth
3992030,4002782,1,60,249.0,0.989583333333,Quarter
3992030,3998174,1,72,249.0,0.489583333333,Eighth
3998174,4002782,1,70,249.5,0.489583333333,Eighth
4002782,4019678,1,53,250.0,0.989583333333,Quarter
4002782,4011485,1,69,250.0,0.489583333333,Eighth
4011998,4019678,1,67,250.5,0.489583333333,Eighth
4019678,4025822,1,69,251.0,0.489583333333,Eighth
4019678,4032478,1,57,251.0,0.989583333333,Quarter
4025822,4032478,1,70,251.5,0.489583333333,Eighth
4032989,4039134,1,69,252.0,0.489583333333,Eighth
4032989,4045790,1,60,252.0,0.989583333333,Quarter
4039134,4045790,1,65,252.5,0.489583333333,Eighth
4045790,4091870,1,69,253.0,2.98958333333,Dotted Half
4045790,4054494,1,45,253.0,0.489583333333,Eighth
4054494,4061149,1,44,253.5,0.489583333333,Eighth
4061149,4068830,1,45,254.0,0.489583333333,Eighth
4061149,4075486,1,72,254.0,0.989583333333,Quarter
4068830,4075486,1,41,254.5,0.489583333333,Eighth
4075486,4084702,1,43,255.0,0.489583333333,Eighth
4075486,4091870,1,77,255.0,0.989583333333,Quarter
4085214,4091870,1,45,255.5,0.489583333333,Eighth
4091870,4101598,1,46,256.0,0.489583333333,Eighth
4091870,4139486,1,67,256.0,2.98958333333,Dotted Half
4101598,4108254,1,45,256.5,0.489583333333,Eighth
4108766,4124638,1,74,257.0,0.989583333333,Quarter
4108766,4114910,1,46,257.0,0.489583333333,Eighth
4114910,4124638,1,43,257.5,0.489583333333,Eighth
4124638,4130782,1,45,258.0,0.489583333333,Eighth
4124638,4139486,1,77,258.0,0.989583333333,Quarter
4131294,4139486,1,47,258.5,0.489583333333,Eighth
4139486,4146142,1,48,259.0,0.489583333333,Eighth
4139486,4180446,1,67,259.0,2.98958333333,Dotted Half
4146142,4153310,1,47,259.5,0.489583333333,Eighth
4153310,4167646,1,77,260.0,0.989583333333,Quarter
4153310,4159966,1,48,260.0,0.489583333333,Eighth
4162014,4167646,1,45,260.5,0.489583333333,Eighth
4167646,4180446,1,76,261.0,0.989583333333,Quarter
4167646,4173278,1,47,261.0,0.489583333333,Eighth
4173278,4180446,1,49,261.5,0.489583333333,Eighth
4180958,4187614,1,50,262.0,0.489583333333,Eighth
4180958,4213214,1,65,262.0,1.98958333333,Half
4187614,4195806,1,45,262.5,0.489583333333,Eighth
4195806,4202974,1,47,263.0,0.489583333333,Eighth
4195806,4213214,1,74,263.0,0.989583333333,Quarter
4203998,4213214,1,43,263.5,0.489583333333,Eighth
4213214,4218846,1,48,264.0,0.489583333333,Eighth
4213214,4226014,1,72,264.0,0.989583333333,Quarter
4213214,4226014,1,64,264.0,0.989583333333,Quarter
4218846,4226014,1,42,264.5,0.489583333333,Eighth
4226014,4253662,1,43,265.0,1.98958333333,Half
4234718,4241374,1,67,265.5,0.489583333333,Eighth
4241374,4247518,1,64,266.0,0.489583333333,Eighth
4247518,4253662,1,60,266.5,0.489583333333,Eighth
4254174,4272094,1,31,267.0,0.989583333333,Quarter
4254174,4263390,1,65,267.0,0.489583333333,Eighth
4254174,4272094,1,59,267.0,0.989583333333,Quarter
4263390,4272094,1,62,267.5,0.489583333333,Eighth
4272094,4288478,1,60,268.0,0.989583333333,Quarter
4272094,4288478,1,36,268.0,0.989583333333,Quarter
4288478,4303838,1,48,269.0,0.989583333333,Quarter
4304350,4326878,1,60,270.0,0.989583333333,Quarter
4326878,4334046,1,69,271.0,0.489583333333,Eighth
4326878,4341726,1,53,271.0,0.989583333333,Quarter
4334046,4341726,1,67,271.5,0.489583333333,Eighth
4342238,4357086,1,57,272.0,0.989583333333,Quarter
4342238,4348894,1,69,272.0,0.489583333333,Eighth
4348894,4357086,1,65,272.5,0.489583333333,Eighth
4357086,4363230,1,67,273.0,0.489583333333,Eighth
4357086,4371422,1,60,273.0,0.989583333333,Quarter
4363742,4371422,1,69,273.5,0.489583333333,Eighth
4371422,4386270,1,62,274.0,0.989583333333,Quarter
4371422,4378078,1,70,274.0,0.489583333333,Eighth
4378078,4386270,1,69,274.5,0.489583333333,Eighth
4386782,4401118,1,55,275.0,0.989583333333,Quarter
4386782,4392926,1,70,275.0,0.489583333333,Eighth
4392926,4401118,1,67,275.5,0.489583333333,Eighth
4401118,4419550,1,53,276.0,0.989583333333,Quarter
4401118,4409822,1,69,276.0,0.489583333333,Eighth
4409822,4419550,1,70,276.5,0.489583333333,Eighth
4419550,4425694,1,72,277.0,0.489583333333,Eighth
4419550,4432862,1,52,277.0,0.989583333333,Quarter
4425694,4432862,1,71,277.5,0.489583333333,Eighth
4432862,4449246,1,55,278.0,0.989583333333,Quarter
4432862,4442590,1,72,278.0,0.489583333333,Eighth
4443102,4449246,1,74,278.5,0.489583333333,Eighth
4449246,4465630,1,60,279.0,0.989583333333,Quarter
4449246,4456926,1,72,279.0,0.489583333333,Eighth
4456926,4465630,1,70,279.5,0.489583333333,Eighth
4465630,4478942,1,53,280.0,0.989583333333,Quarter
4465630,4472286,1,69,280.0,0.489583333333,Eighth
4472286,4478942,1,67,280.5,0.489583333333,Eighth
4478942,4487134,1,69,281.0,0.489583333333,Eighth
4478942,4495838,1,57,281.0,0.989583333333,Quarter
4489694,4495838,1,70,281.5,0.489583333333,Eighth
4495838,4509662,1,60,282.0,0.989583333333,Quarter
4495838,4502494,1,69,282.0,0.489583333333,Eighth
4502494,4509662,1,65,282.5,0.489583333333,Eighth
4509662,4518366,1,45,283.0,0.489583333333,Eighth
4509662,4557278,1,69,283.0,2.98958333333,Dotted Half
4518366,4528094,1,44,283.5,0.489583333333,Eighth
4528094,4533726,1,45,284.0,0.489583333333,Eighth
4528094,4541406,1,72,284.0,0.989583333333,Quarter
4533726,4541406,1,41,284.5,0.489583333333,Eighth
4541918,4551134,1,43,285.0,0.489583333333,Eighth
4541918,4557278,1,77,285.0,0.989583333333,Quarter
4551134,4557278,1,45,285.5,0.489583333333,Eighth
4557278,4562398,1,46,286.0,0.489583333333,Eighth
4557278,4602334,1,67,286.0,2.98958333333,Dotted Half
4562910,4570078,1,45,286.5,0.489583333333,Eighth
4570078,4590046,1,74,287.0,0.989583333333,Quarter
4570078,4579806,1,46,287.0,0.489583333333,Eighth
4579806,4590046,1,43,287.5,0.489583333333,Eighth
4591070,4597214,1,45,288.0,0.489583333333,Eighth
4591070,4602334,1,77,288.0,0.989583333333,Quarter
4597214,4602334,1,47,288.5,0.489583333333,Eighth
4602334,4608478,1,48,289.0,0.489583333333,Eighth
4602334,4649950,1,67,289.0,2.98958333333,Dotted Half
4608478,4615646,1,47,289.5,0.489583333333,Eighth
4616158,4624862,1,48,290.0,0.489583333333,Eighth
4616158,4632030,1,77,290.0,0.989583333333,Quarter
4624862,4632030,1,45,290.5,0.489583333333,Eighth
4632030,4649950,1,76,291.0,0.989583333333,Quarter
4632030,4640734,1,47,291.0,0.489583333333,Eighth
4641246,4649950,1,49,291.5,0.489583333333,Eighth
4649950,4658142,1,50,292.0,0.489583333333,Eighth
4649950,4678622,1,65,292.0,1.98958333333,Half
4658142,4664286,1,45,292.5,0.489583333333,Eighth
4664798,4672478,1,47,293.0,0.489583333333,Eighth
4664798,4678622,1,74,293.0,0.989583333333,Quarter
4672478,4678622,1,43,293.5,0.489583333333,Eighth
4678622,4684766,1,48,294.0,0.489583333333,Eighth
4678622,4694494,1,72,294.0,0.989583333333,Quarter
4678622,4694494,1,64,294.0,0.989583333333,Quarter
4684766,4694494,1,42,294.5,0.489583333333,Eighth
4694494,4726750,1,43,295.0,1.98958333333,Half
4702686,4709342,1,67,295.5,0.489583333333,Eighth
4709342,4718046,1,64,296.0,0.489583333333,Eighth
4718558,4726750,1,60,296.5,0.489583333333,Eighth
4726750,4745182,1,59,297.0,0.989583333333,Quarter
4726750,4745182,1,31,297.0,0.989583333333,Quarter
4726750,4734942,1,65,297.0,0.489583333333,Eighth
4734942,4745182,1,62,297.5,0.489583333333,Eighth
4745694,4766686,1,60,298.0,0.989583333333,Quarter
4745694,4766686,1,36,298.0,0.989583333333,Quarter
4766686,4784094,1,48,299.0,0.989583333333,Quarter
4784094,4799966,1,60,300.0,0.989583333333,Quarter
4799966,4943326,1,48,301.0,9.98958333333,Unknown
4799966,4805598,1,64,301.0,0.489583333333,Eighth
4799966,4842974,1,60,301.0,2.98958333333,Dotted Half
4806110,4814814,1,62,301.5,0.489583333333,Eighth
4814814,4821982,1,64,302.0,0.489583333333,Eighth
4821982,4828638,1,60,302.5,0.489583333333,Eighth
4829150,4836318,1,62,303.0,0.489583333333,Eighth
4836318,4842974,1,64,303.5,0.489583333333,Eighth
4842974,4888542,1,59,304.0,2.98958333333,Dotted Half
4842974,4850142,1,65,304.0,0.489583333333,Eighth
4851166,4856286,1,64,304.5,0.489583333333,Eighth
4856286,4863454,1,65,305.0,0.489583333333,Eighth
4863454,4872670,1,62,305.5,0.489583333333,Eighth
4872670,4880862,1,64,306.0,0.489583333333,Eighth
4880862,4888542,1,65,306.5,0.489583333333,Eighth
4888542,4930526,1,58,307.0,2.98958333333,Dotted Half
4888542,4895198,1,67,307.0,0.489583333333,Eighth
4895198,4901342,1,66,307.5,0.489583333333,Eighth
4901854,4909022,1,67,308.0,0.489583333333,Eighth
4909022,4916190,1,64,308.5,0.489583333333,Eighth
4916190,4922846,1,65,309.0,0.489583333333,Eighth
4923358,4930526,1,67,309.5,0.489583333333,Eighth
4930526,4943326,1,57,310.0,0.989583333333,Quarter
4930526,4936158,1,69,310.0,0.489583333333,Eighth
4936158,4943326,1,65,310.5,0.489583333333,Eighth
4943838,4953566,1,69,311.0,0.489583333333,Eighth
4953566,4961758,1,72,311.5,0.489583333333,Eighth
4961758,4968414,1,77,312.0,0.489583333333,Eighth
4968414,4974558,1,81,312.5,0.489583333333,Eighth
4974558,4981214,1,64,313.0,0.489583333333,Eighth
4974558,5018078,1,84,313.0,2.98958333333,Dotted Half
4974558,5018078,1,72,313.0,2.98958333333,Dotted Half
4981214,4987870,1,62,313.5,0.489583333333,Eighth
4987870,4995038,1,64,314.0,0.489583333333,Eighth
4995550,5004766,1,60,314.5,0.489583333333,Eighth
5004766,5010910,1,62,315.0,0.489583333333,Eighth
5010910,5018078,1,64,315.5,0.489583333333,Eighth
5018078,5062622,1,71,316.0,2.98958333333,Dotted Half
5018078,5024222,1,65,316.0,0.489583333333,Eighth
5018078,5062622,1,83,316.0,2.98958333333,Dotted Half
5024222,5031902,1,64,316.5,0.489583333333,Eighth
5031902,5038046,1,65,317.0,0.489583333333,Eighth
5038046,5048286,1,62,317.5,0.489583333333,Eighth
5048286,5055966,1,64,318.0,0.489583333333,Eighth
5055966,5062622,1,65,318.5,0.489583333333,Eighth
5062622,5069278,1,67,319.0,0.489583333333,Eighth
5062622,5076958,1,82,319.0,0.989583333333,Quarter
5062622,5076958,1,70,319.0,0.989583333333,Quarter
5070814,5076958,1,65,319.5,0.489583333333,Eighth
5076958,5083102,1,67,320.0,0.489583333333,Eighth
5083102,5089758,1,67,320.5,0.489583333333,Eighth
5083102,5089758,1,64,320.5,0.489583333333,Eighth
5090270,5097438,1,69,321.0,0.489583333333,Eighth
5090270,5097438,1,65,321.0,0.489583333333,Eighth
5097438,5105118,1,70,321.5,0.489583333333,Eighth
5097438,5105118,1,67,321.5,0.489583333333,Eighth
5105118,5111774,1,72,322.0,0.489583333333,Eighth
5105118,5111774,1,69,322.0,0.489583333333,Eighth
5112286,5117918,1,70,322.5,0.489583333333,Eighth
5112286,5117918,1,67,322.5,0.489583333333,Eighth
5117918,5124574,1,72,323.0,0.489583333333,Eighth
5117918,5124574,1,69,323.0,0.489583333333,Eighth
5124574,5132254,1,69,323.5,0.489583333333,Eighth
5124574,5132254,1,65,323.5,0.489583333333,Eighth
5132254,5139422,1,67,324.0,0.489583333333,Eighth
5132254,5139422,1,70,324.0,0.489583333333,Eighth
5139934,5147102,1,72,324.5,0.489583333333,Eighth
5139934,5147102,1,69,324.5,0.489583333333,Eighth
5147102,5152734,1,70,325.0,0.489583333333,Eighth
5147102,5152734,1,74,325.0,0.489583333333,Eighth
5152734,5162462,1,72,325.5,0.489583333333,Eighth
5152734,5162462,1,69,325.5,0.489583333333,Eighth
5163486,5170142,1,74,326.0,0.489583333333,Eighth
5163486,5170142,1,70,326.0,0.489583333333,Eighth
5170142,5176286,1,70,326.5,0.489583333333,Eighth
5170142,5176286,1,76,326.5,0.489583333333,Eighth
5170142,5176286,1,67,326.5,0.489583333333,Eighth
5176286,5183454,1,77,327.0,0.489583333333,Eighth
5176286,5183454,1,72,327.0,0.489583333333,Eighth
5176286,5183454,1,69,327.0,0.489583333333,Eighth
5183966,5190110,1,79,327.5,0.489583333333,Eighth
5183966,5190110,1,74,327.5,0.489583333333,Eighth
5183966,5190110,1,70,327.5,0.489583333333,Eighth
5190110,5196254,1,81,328.0,0.489583333333,Eighth
5190110,5196254,1,76,328.0,0.489583333333,Eighth
5190110,5196254,1,72,328.0,0.489583333333,Eighth
5196254,5203422,1,74,328.5,0.489583333333,Eighth
5196254,5203422,1,79,328.5,0.489583333333,Eighth
5196254,5203422,1,70,328.5,0.489583333333,Eighth
5203422,5210590,1,81,329.0,0.489583333333,Eighth
5203422,5210590,1,76,329.0,0.489583333333,Eighth
5203422,5210590,1,72,329.0,0.489583333333,Eighth
5210590,5220318,1,77,329.5,0.489583333333,Eighth
5210590,5220318,1,72,329.5,0.489583333333,Eighth
5210590,5220318,1,69,329.5,0.489583333333,Eighth
5220318,5226974,1,79,330.0,0.489583333333,Eighth
5220318,5226974,1,74,330.0,0.489583333333,Eighth
5220318,5226974,1,70,330.0,0.489583333333,Eighth
5226974,5233118,1,81,330.5,0.489583333333,Eighth
5226974,5233118,1,76,330.5,0.489583333333,Eighth
5226974,5233118,1,72,330.5,0.489583333333,Eighth
5233630,5239774,1,82,331.0,0.489583333333,Eighth
5233630,5239774,1,77,331.0,0.489583333333,Eighth
5233630,5239774,1,74,331.0,0.489583333333,Eighth
5239774,5245918,1,81,331.5,0.489583333333,Eighth
5239774,5245918,1,76,331.5,0.489583333333,Eighth
5239774,5245918,1,72,331.5,0.489583333333,Eighth
5245918,5252574,1,79,332.0,0.489583333333,Eighth
5245918,5252574,1,74,332.0,0.489583333333,Eighth
5245918,5252574,1,70,332.0,0.489583333333,Eighth
5253086,5258718,1,72,332.5,0.489583333333,Eighth
5253086,5258718,1,81,332.5,0.489583333333,Eighth
5253086,5258718,1,76,332.5,0.489583333333,Eighth
5258718,5264862,1,79,333.0,0.489583333333,Eighth
5258718,5264862,1,74,333.0,0.489583333333,Eighth
5258718,5264862,1,70,333.0,0.489583333333,Eighth
5264862,5273566,1,77,333.5,0.489583333333,Eighth
5264862,5273566,1,72,333.5,0.489583333333,Eighth
5264862,5273566,1,69,333.5,0.489583333333,Eighth
5274078,5281246,1,76,334.0,0.489583333333,Eighth
5274078,5281246,1,70,334.0,0.489583333333,Eighth
5274078,5281246,1,67,334.0,0.489583333333,Eighth
5281246,5288414,1,77,334.5,0.489583333333,Eighth
5281246,5288414,1,72,334.5,0.489583333333,Eighth
5281246,5288414,1,69,334.5,0.489583333333,Eighth
5288414,5296094,1,76,335.0,0.489583333333,Eighth
5288414,5296094,1,70,335.0,0.489583333333,Eighth
5288414,5296094,1,67,335.0,0.489583333333,Eighth
5296094,5302750,1,74,335.5,0.489583333333,Eighth
5296094,5302750,1,69,335.5,0.489583333333,Eighth
5296094,5302750,1,65,335.5,0.489583333333,Eighth
5303262,5310942,1,72,336.0,0.489583333333,Eighth
5303262,5310942,1,67,336.0,0.489583333333,Eighth
5303262,5310942,1,64,336.0,0.489583333333,Eighth
5310942,5323230,1,74,336.5,0.489583333333,Eighth
5310942,5323230,1,69,336.5,0.489583333333,Eighth
5310942,5323230,1,65,336.5,0.489583333333,Eighth
5323230,5374430,1,72,337.0,2.98958333333,Dotted Half
5323230,5374430,1,67,337.0,2.98958333333,Dotted Half
5323230,5374430,1,64,337.0,2.98958333333,Dotted Half
5374430,5427678,1,65,340.0,2.98958333333,Dotted Half
5374430,5427678,1,62,340.0,2.98958333333,Dotted Half
5374430,5427678,1,71,340.0,2.98958333333,Dotted Half
5427678,5484510,1,60,343.0,2.98958333333,Dotted Half
5427678,5484510,1,70,343.0,2.98958333333,Dotted Half
5427678,5484510,1,64,343.0,2.98958333333,Dotted Half
5484510,5491678,1,69,346.0,0.489583333333,Eighth
5484510,5499870,1,53,346.0,0.989583333333,Quarter
5491678,5499870,1,67,346.5,0.489583333333,Eighth
5499870,5510622,1,69,347.0,0.489583333333,Eighth
5499870,5518302,1,57,347.0,0.989583333333,Quarter
5510622,5518302,1,65,347.5,0.489583333333,Eighth
5518302,5532126,1,60,348.0,0.989583333333,Quarter
5518302,5524446,1,67,348.0,0.489583333333,Eighth
5524446,5532126,1,69,348.5,0.489583333333,Eighth
5532638,5547998,1,62,349.0,0.989583333333,Quarter
5532638,5538270,1,70,349.0,0.489583333333,Eighth
5538270,5547998,1,69,349.5,0.489583333333,Eighth
5547998,5555166,1,70,350.0,0.489583333333,Eighth
5547998,5561822,1,55,350.0,0.989583333333,Quarter
5555678,5561822,1,67,350.5,0.489583333333,Eighth
5561822,5568990,1,69,351.0,0.489583333333,Eighth
5561822,5575646,1,53,351.0,0.989583333333,Quarter
5568990,5575646,1,70,351.5,0.489583333333,Eighth
5576158,5592030,1,52,352.0,0.989583333333,Quarter
5576158,5584862,1,72,352.0,0.489583333333,Eighth
5584862,5592030,1,71,352.5,0.489583333333,Eighth
5592030,5605342,1,55,353.0,0.989583333333,Quarter
5592030,5599198,1,72,353.0,0.489583333333,Eighth
5599198,5605342,1,74,353.5,0.489583333333,Eighth
5605854,5613022,1,72,354.0,0.489583333333,Eighth
5605854,5621214,1,60,354.0,0.989583333333,Quarter
5613022,5621214,1,70,354.5,0.489583333333,Eighth
5621214,5634526,1,53,355.0,0.989583333333,Quarter
5621214,5627358,1,69,355.0,0.489583333333,Eighth
5627870,5634526,1,67,355.5,0.489583333333,Eighth
5634526,5642206,1,69,356.0,0.489583333333,Eighth
5634526,5649886,1,57,356.0,0.989583333333,Quarter
5642206,5649886,1,70,356.5,0.489583333333,Eighth
5650398,5664222,1,60,357.0,0.989583333333,Quarter
5650398,5657566,1,69,357.0,0.489583333333,Eighth
5657566,5664222,1,65,357.5,0.489583333333,Eighth
5664222,5673438,1,45,358.0,0.489583333333,Eighth
5664222,5681630,1,69,358.0,0.989583333333,Quarter
5673438,5681630,1,44,358.5,0.489583333333,Eighth
5681630,5687261,1,45,359.0,0.489583333333,Eighth
5681630,5693917,1,72,359.0,0.989583333333,Quarter
5687261,5693917,1,41,359.5,0.489583333333,Eighth
5693917,5701086,1,43,360.0,0.489583333333,Eighth
5693917,5709789,1,77,360.0,0.989583333333,Quarter
5701598,5709789,1,45,360.5,0.489583333333,Eighth
5709789,5717982,1,46,361.0,0.489583333333,Eighth
5709789,5724638,1,74,361.0,0.989583333333,Quarter
5717982,5724638,1,45,361.5,0.489583333333,Eighth
5726174,5732830,1,46,362.0,0.489583333333,Eighth
5726174,5740510,1,67,362.0,0.989583333333,Quarter
5732830,5740510,1,43,362.5,0.489583333333,Eighth
5740510,5748702,1,45,363.0,0.489583333333,Eighth
5740510,5757406,1,65,363.0,0.989583333333,Quarter
5749214,5757406,1,47,363.5,0.489583333333,Eighth
5757406,5764062,1,48,364.0,0.489583333333,Eighth
5757406,5771230,1,64,364.0,0.989583333333,Quarter
5764062,5771230,1,47,364.5,0.489583333333,Eighth
5771230,5776862,1,48,365.0,0.489583333333,Eighth
5771230,5784029,1,67,365.0,0.989583333333,Quarter
5777373,5784029,1,46,365.5,0.489583333333,Eighth
5784029,5794782,1,45,366.0,0.489583333333,Eighth
5784029,5807582,1,72,366.0,0.989583333333,Quarter
5794782,5807582,1,43,366.5,0.489583333333,Eighth
5808606,5833693,1,65,367.0,0.989583333333,Quarter
5808606,5833693,1,41,367.0,0.989583333333,Quarter
5833693,5852638,1,53,368.0,0.989583333333,Quarter
5852638,5869022,1,60,369.0,0.989583333333,Quarter
5869022,5913054,1,60,370.0,2.98958333333,Dotted Half
5869022,6014942,1,48,370.0,9.98958333333,Unknown
5869022,5876190,1,64,370.0,0.489583333333,Eighth
5876190,5883357,1,62,370.5,0.489583333333,Eighth
5883357,5890526,1,64,371.0,0.489583333333,Eighth
5890526,5899230,1,60,371.5,0.489583333333,Eighth
5899742,5906398,1,62,372.0,0.489583333333,Eighth
5906398,5913054,1,64,372.5,0.489583333333,Eighth
5913054,5920734,1,65,373.0,0.489583333333,Eighth
5913054,5956062,1,59,373.0,2.98958333333,Dotted Half
5920734,5928413,1,64,373.5,0.489583333333,Eighth
5928413,5934558,1,65,374.0,0.489583333333,Eighth
5934558,5942238,1,62,374.5,0.489583333333,Eighth
5942750,5949406,1,64,375.0,0.489583333333,Eighth
5949406,5956062,1,65,375.5,0.489583333333,Eighth
5956062,5999582,1,58,376.0,2.98958333333,Dotted Half
5956062,5962205,1,67,376.0,0.489583333333,Eighth
5962205,5968861,1,66,376.5,0.489583333333,Eighth
5969886,5976542,1,67,377.0,0.489583333333,Eighth
5976542,5984733,1,64,377.5,0.489583333333,Eighth
5984733,5991389,1,65,378.0,0.489583333333,Eighth
5991902,5999582,1,67,378.5,0.489583333333,Eighth
5999582,6014942,1,57,379.0,0.989583333333,Quarter
5999582,6006750,1,69,379.0,0.489583333333,Eighth
6006750,6014942,1,65,379.5,0.489583333333,Eighth
6015454,6022110,1,69,380.0,0.489583333333,Eighth
6022110,6028766,1,72,380.5,0.489583333333,Eighth
6028766,6035422,1,77,381.0,0.489583333333,Eighth
6035422,6042590,1,81,381.5,0.489583333333,Eighth
6042590,6085598,1,72,382.0,2.98958333333,Dotted Half
6042590,6049758,1,64,382.0,0.489583333333,Eighth
6042590,6085598,1,84,382.0,2.98958333333,Dotted Half
6049758,6055902,1,62,382.5,0.489583333333,Eighth
6055902,6064094,1,64,383.0,0.489583333333,Eighth
6064606,6071774,1,60,383.5,0.489583333333,Eighth
6071774,6079453,1,62,384.0,0.489583333333,Eighth
6079453,6085598,1,64,384.5,0.489583333333,Eighth
6086109,6096350,1,65,385.0,0.489583333333,Eighth
6086109,6132190,1,83,385.0,2.98958333333,Dotted Half
6086109,6132190,1,71,385.0,2.98958333333,Dotted Half
6096350,6103006,1,64,385.5,0.489583333333,Eighth
6103006,6109150,1,65,386.0,0.489583333333,Eighth
6109662,6116830,1,62,386.5,0.489583333333,Eighth
6116830,6124509,1,64,387.0,0.489583333333,Eighth
6124509,6132190,1,65,387.5,0.489583333333,Eighth
6132190,6144990,1,70,388.0,0.989583333333,Quarter
6132190,6137310,1,67,388.0,0.489583333333,Eighth
6132190,6144990,1,82,388.0,0.989583333333,Quarter
6137310,6144990,1,65,388.5,0.489583333333,Eighth
6144990,6153182,1,67,389.0,0.489583333333,Eighth
6153182,6159838,1,67,389.5,0.489583333333,Eighth
6153182,6159838,1,64,389.5,0.489583333333,Eighth
6160350,6168030,1,69,390.0,0.489583333333,Eighth
6160350,6168030,1,65,390.0,0.489583333333,Eighth
6168030,6173662,1,70,390.5,0.489583333333,Eighth
6168030,6173662,1,67,390.5,0.489583333333,Eighth
6173662,6180829,1,72,391.0,0.489583333333,Eighth
6173662,6180829,1,69,391.0,0.489583333333,Eighth
6181342,6185950,1,70,391.5,0.489583333333,Eighth
6181342,6185950,1,67,391.5,0.489583333333,Eighth
6185950,6191582,1,72,392.0,0.489583333333,Eighth
6185950,6191582,1,69,392.0,0.489583333333,Eighth
6191582,6197214,1,69,392.5,0.489583333333,Eighth
6191582,6197214,1,65,392.5,0.489583333333,Eighth
6197214,6203870,1,70,393.0,0.489583333333,Eighth
6197214,6203870,1,67,393.0,0.489583333333,Eighth
6203870,6210526,1,72,393.5,0.489583333333,Eighth
6203870,6210526,1,69,393.5,0.489583333333,Eighth
6210526,6218206,1,74,394.0,0.489583333333,Eighth
6210526,6218206,1,70,394.0,0.489583333333,Eighth
6218206,6227934,1,72,394.5,0.489583333333,Eighth
6218206,6227934,1,69,394.5,0.489583333333,Eighth
6228446,6235102,1,74,395.0,0.489583333333,Eighth
6228446,6235102,1,70,395.0,0.489583333333,Eighth
6235102,6240734,1,76,395.5,0.489583333333,Eighth
6235102,6240734,1,70,395.5,0.489583333333,Eighth
6235102,6240734,1,67,395.5,0.489583333333,Eighth
6240734,6246878,1,77,396.0,0.489583333333,Eighth
6240734,6246878,1,72,396.0,0.489583333333,Eighth
6240734,6246878,1,69,396.0,0.489583333333,Eighth
6247390,6254558,1,79,396.5,0.489583333333,Eighth
6247390,6254558,1,74,396.5,0.489583333333,Eighth
6247390,6254558,1,70,396.5,0.489583333333,Eighth
6254558,6262238,1,81,397.0,0.489583333333,Eighth
6254558,6262238,1,76,397.0,0.489583333333,Eighth
6254558,6262238,1,72,397.0,0.489583333333,Eighth
6262238,6269406,1,79,397.5,0.489583333333,Eighth
6262238,6269406,1,74,397.5,0.489583333333,Eighth
6262238,6269406,1,70,397.5,0.489583333333,Eighth
6270430,6277598,1,81,398.0,0.489583333333,Eighth
6270430,6277598,1,76,398.0,0.489583333333,Eighth
6270430,6277598,1,72,398.0,0.489583333333,Eighth
6277598,6282718,1,77,398.5,0.489583333333,Eighth
6277598,6282718,1,72,398.5,0.489583333333,Eighth
6277598,6282718,1,69,398.5,0.489583333333,Eighth
6282718,6290398,1,79,399.0,0.489583333333,Eighth
6282718,6290398,1,74,399.0,0.489583333333,Eighth
6282718,6290398,1,70,399.0,0.489583333333,Eighth
6290398,6297054,1,81,399.5,0.489583333333,Eighth
6290398,6297054,1,76,399.5,0.489583333333,Eighth
6290398,6297054,1,72,399.5,0.489583333333,Eighth
6297566,6304733,1,82,400.0,0.489583333333,Eighth
6297566,6304733,1,77,400.0,0.489583333333,Eighth
6297566,6304733,1,74,400.0,0.489583333333,Eighth
6304733,6310878,1,81,400.5,0.489583333333,Eighth
6304733,6310878,1,76,400.5,0.489583333333,Eighth
6304733,6310878,1,72,400.5,0.489583333333,Eighth
6310878,6318046,1,79,401.0,0.489583333333,Eighth
6310878,6318046,1,74,401.0,0.489583333333,Eighth
6310878,6318046,1,70,401.0,0.489583333333,Eighth
6319070,6325213,1,81,401.5,0.489583333333,Eighth
6319070,6325213,1,76,401.5,0.489583333333,Eighth
6319070,6325213,1,72,401.5,0.489583333333,Eighth
6325213,6331358,1,79,402.0,0.489583333333,Eighth
6325213,6331358,1,74,402.0,0.489583333333,Eighth
6325213,6331358,1,70,402.0,0.489583333333,Eighth
6331358,6338525,1,77,402.5,0.489583333333,Eighth
6331358,6338525,1,72,402.5,0.489583333333,Eighth
6331358,6338525,1,69,402.5,0.489583333333,Eighth
6339038,6347230,1,76,403.0,0.489583333333,Eighth
6339038,6347230,1,70,403.0,0.489583333333,Eighth
6339038,6347230,1,67,403.0,0.489583333333,Eighth
6347230,6355422,1,77,403.5,0.489583333333,Eighth
6347230,6355422,1,72,403.5,0.489583333333,Eighth
6347230,6355422,1,69,403.5,0.489583333333,Eighth
6355422,6363102,1,76,404.0,0.489583333333,Eighth
6355422,6363102,1,70,404.0,0.489583333333,Eighth
6355422,6363102,1,67,404.0,0.489583333333,Eighth
6363102,6370269,1,74,404.5,0.489583333333,Eighth
6363102,6370269,1,69,404.5,0.489583333333,Eighth
6363102,6370269,1,65,404.5,0.489583333333,Eighth
6370269,6380510,1,72,405.0,0.489583333333,Eighth
6370269,6380510,1,67,405.0,0.489583333333,Eighth
6370269,6380510,1,64,405.0,0.489583333333,Eighth
6380510,6388702,1,74,405.5,0.489583333333,Eighth
6380510,6388702,1,69,405.5,0.489583333333,Eighth
6380510,6388702,1,65,405.5,0.489583333333,Eighth
6388702,6436318,1,72,406.0,2.98958333333,Dotted Half
6388702,6436318,1,67,406.0,2.98958333333,Dotted Half
6388702,6436318,1,64,406.0,2.98958333333,Dotted Half
6436318,6491102,1,71,409.0,2.98958333333,Dotted Half
6436318,6491102,1,65,409.0,2.98958333333,Dotted Half
6436318,6491102,1,62,409.0,2.98958333333,Dotted Half
6491102,6545374,1,70,412.0,2.98958333333,Dotted Half
6491102,6545374,1,64,412.0,2.98958333333,Dotted Half
6491102,6545374,1,60,412.0,2.98958333333,Dotted Half
6545374,6561246,1,53,415.0,0.989583333333,Quarter
6545374,6554078,1,69,415.0,0.489583333333,Eighth
6554078,6561246,1,67,415.5,0.489583333333,Eighth
6561757,6569950,1,69,416.0,0.489583333333,Eighth
6561757,6577629,1,57,416.0,0.989583333333,Quarter
6569950,6577629,1,65,416.5,0.489583333333,Eighth
6577629,6593501,1,60,417.0,0.989583333333,Quarter
6577629,6586334,1,67,417.0,0.489583333333,Eighth
6586334,6593501,1,69,417.5,0.489583333333,Eighth
6594014,6601694,1,70,418.0,0.489583333333,Eighth
6594014,6610398,1,62,418.0,0.989583333333,Quarter
6601694,6610398,1,69,418.5,0.489583333333,Eighth
6610398,6623710,1,55,419.0,0.989583333333,Quarter
6610398,6615518,1,70,419.0,0.489583333333,Eighth
6616029,6623710,1,67,419.5,0.489583333333,Eighth
6623710,6636510,1,53,420.0,0.989583333333,Quarter
6623710,6629341,1,69,420.0,0.489583333333,Eighth
6629341,6636510,1,70,420.5,0.489583333333,Eighth
6637022,6651869,1,52,421.0,0.989583333333,Quarter
6637022,6644702,1,72,421.0,0.489583333333,Eighth
6644702,6651869,1,71,421.5,0.489583333333,Eighth
6651869,6658014,1,72,422.0,0.489583333333,Eighth
6651869,6667741,1,55,422.0,0.989583333333,Quarter
6658014,6667741,1,74,422.5,0.489583333333,Eighth
6667741,6680542,1,60,423.0,0.989583333333,Quarter
6667741,6673886,1,72,423.0,0.489583333333,Eighth
6673886,6680542,1,70,423.5,0.489583333333,Eighth
6680542,6687710,1,69,424.0,0.489583333333,Eighth
6680542,6696926,1,53,424.0,0.989583333333,Quarter
6688734,6696926,1,67,424.5,0.489583333333,Eighth
6696926,6712286,1,57,425.0,0.989583333333,Quarter
6696926,6705630,1,69,425.0,0.489583333333,Eighth
6705630,6712286,1,70,425.5,0.489583333333,Eighth
6712797,6718942,1,69,426.0,0.489583333333,Eighth
6712797,6726110,1,60,426.0,0.989583333333,Quarter
6718942,6726110,1,65,426.5,0.489583333333,Eighth
6726110,6732766,1,45,427.0,0.489583333333,Eighth
6726110,6739422,1,69,427.0,0.989583333333,Quarter
6733277,6739422,1,44,427.5,0.489583333333,Eighth
6739422,6746589,1,45,428.0,0.489583333333,Eighth
6739422,6754782,1,72,428.0,0.989583333333,Quarter
6746589,6754782,1,41,428.5,0.489583333333,Eighth
6754782,6763486,1,43,429.0,0.489583333333,Eighth
6754782,6770654,1,77,429.0,0.989583333333,Quarter
6763998,6770654,1,45,429.5,0.489583333333,Eighth
6770654,6777310,1,46,430.0,0.489583333333,Eighth
6770654,6784478,1,74,430.0,0.989583333333,Quarter
6777310,6784478,1,45,430.5,0.489583333333,Eighth
6784989,6792670,1,46,431.0,0.489583333333,Eighth
6784989,6802398,1,67,431.0,0.989583333333,Quarter
6792670,6802398,1,43,431.5,0.489583333333,Eighth
6802398,6808542,1,45,432.0,0.489583333333,Eighth
6802398,6817758,1,65,432.0,0.989583333333,Quarter
6809054,6817758,1,47,432.5,0.489583333333,Eighth
6817758,6823902,1,48,433.0,0.489583333333,Eighth
6817758,6831582,1,64,433.0,0.989583333333,Quarter
6823902,6831582,1,47,433.5,0.489583333333,Eighth
6831582,6839774,1,48,434.0,0.489583333333,Eighth
6831582,6848478,1,67,434.0,0.989583333333,Quarter
6839774,6848478,1,46,434.5,0.489583333333,Eighth
6848478,6855134,1,45,435.0,0.489583333333,Eighth
6848478,6868445,1,72,435.0,0.989583333333,Quarter
6855134,6868445,1,43,435.5,0.489583333333,Eighth
6871006,6901214,1,41,436.0,0.989583333333,Quarter
6871006,6901214,1,65,436.0,0.989583333333,Quarter
6901214,6929373,1,53,437.0,0.989583333333,Quarter
6929373,6944734,1,68,438.0,0.989583333333,Quarter
6929373,6944734,1,60,438.0,0.989583333333,Quarter
6945246,6961630,1,70,439.0,0.989583333333,Quarter
6945246,6961630,1,61,439.0,0.989583333333,Quarter
6961630,6974942,1,67,440.0,0.989583333333,Quarter
6961630,6974942,1,58,440.0,0.989583333333,Quarter
6975454,6990814,1,53,441.0,0.989583333333,Quarter
6990814,7007710,1,68,442.0,0.989583333333,Quarter
6990814,7007710,1,60,442.0,0.989583333333,Quarter
7007710,7023582,1,56,443.0,0.989583333333,Quarter
7007710,7023582,1,65,443.0,0.989583333333,Quarter
7024093,7035357,1,60,444.0,0.989583333333,Quarter
7024093,7035357,1,56,444.0,0.989583333333,Quarter
7024093,7035357,1,53,444.0,0.989583333333,Quarter
7024093,7035357,1,65,444.0,0.989583333333,Quarter
7035357,7050206,1,64,445.0,0.989583333333,Quarter
7035357,7050206,1,60,445.0,0.989583333333,Quarter
7035357,7050206,1,58,445.0,0.989583333333,Quarter
7035357,7050206,1,55,445.0,0.989583333333,Quarter
7050206,7064030,1,53,446.0,0.989583333333,Quarter
7050206,7064030,1,65,446.0,0.989583333333,Quarter
7050206,7064030,1,60,446.0,0.989583333333,Quarter
7050206,7064030,1,56,446.0,0.989583333333,Quarter
7064030,7082461,1,60,447.0,0.989583333333,Quarter
7064030,7082461,1,67,447.0,0.989583333333,Quarter
7064030,7082461,1,55,447.0,0.989583333333,Quarter
7064030,7082461,1,52,447.0,0.989583333333,Quarter
7082461,7108574,1,60,448.0,1.98958333333,Half
7082461,7095262,1,70,448.0,0.989583333333,Quarter
7082461,7108574,1,56,448.0,1.98958333333,Half
7082461,7108574,1,53,448.0,1.98958333333,Half
7095774,7108574,1,68,449.0,0.989583333333,Quarter
7108574,7124958,1,63,450.0,0.989583333333,Quarter
7108574,7124958,1,72,450.0,0.989583333333,Quarter
7124958,7140318,1,73,451.0,0.989583333333,Quarter
7124958,7140318,1,65,451.0,0.989583333333,Quarter
7140318,7153118,1,70,452.0,0.989583333333,Quarter
7140318,7153118,1,61,452.0,0.989583333333,Quarter
7153118,7170014,1,56,453.0,0.989583333333,Quarter
7153118,7170014,1,44,453.0,0.989583333333,Quarter
7170525,7183838,1,72,454.0,0.989583333333,Quarter
7170525,7183838,1,63,454.0,0.989583333333,Quarter
7183838,7201758,1,68,455.0,0.989583333333,Quarter
7183838,7201758,1,60,455.0,0.989583333333,Quarter
7201758,7214558,1,56,456.0,0.989583333333,Quarter
7201758,7214558,1,68,456.0,0.989583333333,Quarter
7201758,7214558,1,63,456.0,0.989583333333,Quarter
7201758,7214558,1,60,456.0,0.989583333333,Quarter
7214558,7227358,1,67,457.0,0.989583333333,Quarter
7214558,7227358,1,63,457.0,0.989583333333,Quarter
7214558,7227358,1,61,457.0,0.989583333333,Quarter
7214558,7227358,1,58,457.0,0.989583333333,Quarter
7227358,7240670,1,68,458.0,0.989583333333,Quarter
7227358,7240670,1,63,458.0,0.989583333333,Quarter
7227358,7240670,1,60,458.0,0.989583333333,Quarter
7227358,7240670,1,56,458.0,0.989583333333,Quarter
7241182,7255518,1,58,459.0,0.989583333333,Quarter
7241182,7255518,1,70,459.0,0.989583333333,Quarter
7241182,7255518,1,63,459.0,0.989583333333,Quarter
7241182,7255518,1,55,459.0,0.989583333333,Quarter
7255518,7288286,1,63,460.0,1.98958333333,Half
7255518,7274462,1,73,460.0,0.989583333333,Quarter
7255518,7288286,1,56,460.0,1.98958333333,Half
7255518,7288286,1,60,460.0,1.98958333333,Half
7274462,7288286,1,72,461.0,0.989583333333,Quarter
7288798,7300062,1,63,462.0,0.989583333333,Quarter
7288798,7300062,1,75,462.0,0.989583333333,Quarter
7288798,7300062,1,68,462.0,0.989583333333,Quarter
7288798,7300062,1,60,462.0,0.989583333333,Quarter
7300062,7312350,1,67,463.0,0.989583333333,Quarter
7300062,7312350,1,75,463.0,0.989583333333,Quarter
7300062,7312350,1,58,463.0,0.989583333333,Quarter
7300062,7312350,1,61,463.0,0.989583333333,Quarter
7312862,7327198,1,75,464.0,0.989583333333,Quarter
7312862,7327198,1,68,464.0,0.989583333333,Quarter
7312862,7327198,1,56,464.0,0.989583333333,Quarter
7312862,7327198,1,60,464.0,0.989583333333,Quarter
7327198,7342046,1,75,465.0,0.989583333333,Quarter
7327198,7342046,1,70,465.0,0.989583333333,Quarter
7327198,7342046,1,55,465.0,0.989583333333,Quarter
7327198,7342046,1,58,465.0,0.989583333333,Quarter
7342046,7373790,1,56,466.0,1.98958333333,Half
7342046,7355357,1,73,466.0,0.989583333333,Quarter
7342046,7373790,1,75,466.0,1.98958333333,Half
7355870,7373790,1,72,467.0,0.989583333333,Quarter
7373790,7393757,1,77,468.0,0.989583333333,Quarter
7373790,7393757,1,58,468.0,0.989583333333,Quarter
7373790,7393757,1,49,468.0,0.989583333333,Quarter
7393757,7424478,1,68,469.0,1.98958333333,Half
7393757,7424478,1,60,469.0,1.98958333333,Half
7393757,7424478,1,51,469.0,1.98958333333,Half
7424478,7443422,1,61,471.0,0.989583333333,Quarter
7424478,7432670,1,72,471.0,0.385416666667,Dotted Sixteenth
7424478,7443422,1,67,471.0,0.989583333333,Quarter
7424478,7443422,1,51,471.0,0.989583333333,Quarter
7432670,7443422,1,70,471.395833333,0.59375,Eighth
7443934,7462878,1,68,472.0,0.989583333333,Quarter
7443934,7462878,1,56,472.0,0.989583333333,Quarter
7443934,7462878,1,60,472.0,0.989583333333,Quarter
7478750,7486430,1,79,474.0,0.489583333333,Eighth
7486430,7495646,1,77,474.5,0.489583333333,Eighth
7495646,7527390,1,68,475.0,1.98958333333,Half
7495646,7527390,1,60,475.0,1.98958333333,Half
7495646,7527390,1,51,475.0,1.98958333333,Half
7527902,7544286,1,51,477.0,0.989583333333,Quarter
7527902,7533022,1,72,477.0,0.385416666667,Dotted Sixteenth
7527902,7544286,1,67,477.0,0.989583333333,Quarter
7527902,7544286,1,61,477.0,0.989583333333,Quarter
7533022,7544286,1,70,477.395833333,0.59375,Eighth
7544286,7562206,1,68,478.0,0.989583333333,Quarter
7544286,7562206,1,56,478.0,0.989583333333,Quarter
7544286,7562206,1,60,478.0,0.989583333333,Quarter
7590366,7607262,1,72,480.0,0.989583333333,Quarter
7590366,7607262,1,75,480.0,0.989583333333,Quarter
7607262,7621086,1,76,481.0,0.989583333333,Quarter
7607262,7621086,1,73,481.0,0.989583333333,Quarter
7621598,7635422,1,73,482.0,0.989583333333,Quarter
7621598,7635422,1,70,482.0,0.989583333333,Quarter
7621598,7635422,1,58,482.0,0.989583333333,Quarter
7621598,7635422,1,55,482.0,0.989583333333,Quarter
7635422,7651806,1,58,483.0,0.989583333333,Quarter
7635422,7651806,1,61,483.0,0.989583333333,Quarter
7651806,7664606,1,75,484.0,0.989583333333,Quarter
7651806,7664606,1,72,484.0,0.989583333333,Quarter
7665118,7676382,1,72,485.0,0.989583333333,Quarter
7665118,7676382,1,68,485.0,0.989583333333,Quarter
7665118,7676382,1,60,485.0,0.989583333333,Quarter
7665118,7676382,1,56,485.0,0.989583333333,Quarter
7676382,7692254,1,60,486.0,0.989583333333,Quarter
7676382,7692254,1,63,486.0,0.989583333333,Quarter
7692254,7704542,1,78,487.0,0.989583333333,Quarter
7692254,7704542,1,75,487.0,0.989583333333,Quarter
7704542,7718365,1,60,488.0,0.989583333333,Quarter
7704542,7718365,1,75,488.0,0.989583333333,Quarter
7704542,7718365,1,72,488.0,0.989583333333,Quarter
7704542,7718365,1,57,488.0,0.989583333333,Quarter
7718365,7732190,1,63,489.0,0.989583333333,Quarter
7718365,7732190,1,60,489.0,0.989583333333,Quarter
7733214,7748062,1,77,490.0,0.989583333333,Quarter
7733214,7748062,1,73,490.0,0.989583333333,Quarter
7748062,7760350,1,70,491.0,0.989583333333,Quarter
7748062,7760350,1,73,491.0,0.989583333333,Quarter
7748062,7760350,1,58,491.0,0.989583333333,Quarter
7748062,7760350,1,61,491.0,0.989583333333,Quarter
7760350,7772638,1,61,492.0,0.989583333333,Quarter
7760350,7772638,1,65,492.0,0.989583333333,Quarter
7772638,7805406,1,61,493.0,1.98958333333,Half
7772638,7805406,1,70,493.0,1.98958333333,Half
7772638,7805406,1,65,493.0,1.98958333333,Half
7772638,7805406,1,53,493.0,1.98958333333,Half
7805918,7814110,1,73,495.0,0.364583333333,Dotted Sixteenth
7805918,7829470,1,69,495.0,0.989583333333,Quarter
7805918,7829470,1,63,495.0,0.989583333333,Quarter
7805918,7829470,1,53,495.0,0.989583333333,Quarter
7814110,7829470,1,72,495.375,0.614583333333,Eighth
7829470,7845342,1,70,496.0,0.989583333333,Quarter
7829470,7845342,1,58,496.0,0.989583333333,Quarter
7829470,7845342,1,61,496.0,0.989583333333,Quarter
7859166,7867358,1,78,498.0,0.489583333333,Eighth
7867358,7881182,1,77,498.5,0.489583333333,Eighth
7881182,7911390,1,70,499.0,1.98958333333,Half
7881182,7911390,1,65,499.0,1.98958333333,Half
7881182,7911390,1,61,499.0,1.98958333333,Half
7881182,7911390,1,53,499.0,1.98958333333,Half
7911390,7928286,1,69,501.0,0.989583333333,Quarter
7911390,7917534,1,73,501.0,0.364583333333,Dotted Sixteenth
7911390,7928286,1,63,501.0,0.989583333333,Quarter
7911390,7928286,1,53,501.0,0.989583333333,Quarter
7918046,7928286,1,72,501.375,0.614583333333,Eighth
7928286,7946206,1,61,502.0,0.989583333333,Quarter
7928286,7946206,1,70,502.0,0.989583333333,Quarter
7928286,7946206,1,58,502.0,0.989583333333,Quarter
7959006,7979486,1,63,504.0,0.989583333333,Quarter
7959006,7964638,1,73,504.0,0.489583333333,Eighth
7959006,7979486,1,69,504.0,0.989583333333,Quarter
7959006,7979486,1,53,504.0,0.989583333333,Quarter
7964638,7979486,1,72,504.5,0.489583333333,Eighth
7979998,7993822,1,61,505.0,0.989583333333,Quarter
7979998,7993822,1,70,505.0,0.989583333333,Quarter
7979998,7993822,1,58,505.0,0.989583333333,Quarter
8006110,8023518,1,63,507.0,0.989583333333,Quarter
8006110,8023518,1,53,507.0,0.989583333333,Quarter
8006110,8014814,1,73,507.0,0.489583333333,Eighth
8006110,8023518,1,69,507.0,0.989583333333,Quarter
8014814,8023518,1,72,507.5,0.489583333333,Eighth
8024542,8037342,1,70,508.0,0.989583333333,Quarter
8024542,8037342,1,58,508.0,0.989583333333,Quarter
8024542,8037342,1,61,508.0,0.989583333333,Quarter
8051678,8057310,1,73,510.0,0.489583333333,Eighth
8051678,8057310,1,61,510.0,0.489583333333,Eighth
8057310,8062942,1,72,510.5,0.489583333333,Eighth
8057310,8062942,1,60,510.5,0.489583333333,Eighth
8062942,8069086,1,70,511.0,0.489583333333,Eighth
8062942,8069086,1,58,511.0,0.489583333333,Eighth
8069598,8075742,1,72,511.5,0.489583333333,Eighth
8069598,8075742,1,60,511.5,0.489583333333,Eighth
8075742,8081374,1,73,512.0,0.489583333333,Eighth
8075742,8081374,1,61,512.0,0.489583333333,Eighth
8081374,8088542,1,72,512.5,0.489583333333,Eighth
8081374,8088542,1,60,512.5,0.489583333333,Eighth
8089054,8096734,1,70,513.0,0.489583333333,Eighth
8089054,8096734,1,58,513.0,0.489583333333,Eighth
8096734,8103390,1,72,513.5,0.489583333333,Eighth
8096734,8103390,1,60,513.5,0.489583333333,Eighth
8103390,8109534,1,70,514.0,0.489583333333,Eighth
8103390,8109534,1,58,514.0,0.489583333333,Eighth
8110046,8116702,1,68,514.5,0.489583333333,Eighth
8110046,8116702,1,56,514.5,0.489583333333,Eighth
8116702,8122846,1,67,515.0,0.489583333333,Eighth
8116702,8122846,1,55,515.0,0.489583333333,Eighth
8122846,8128477,1,68,515.5,0.489583333333,Eighth
8122846,8128477,1,56,515.5,0.489583333333,Eighth
8128477,8133598,1,67,516.0,0.489583333333,Eighth
8128477,8133598,1,55,516.0,0.489583333333,Eighth
8134110,8141278,1,65,516.5,0.489583333333,Eighth
8134110,8141278,1,53,516.5,0.489583333333,Eighth
8141278,8147422,1,64,517.0,0.489583333333,Eighth
8141278,8147422,1,52,517.0,0.489583333333,Eighth
8147422,8153566,1,65,517.5,0.489583333333,Eighth
8147422,8153566,1,53,517.5,0.489583333333,Eighth
8154078,8160221,1,67,518.0,0.489583333333,Eighth
8154078,8160221,1,55,518.0,0.489583333333,Eighth
8160221,8165342,1,65,518.5,0.489583333333,Eighth
8160221,8165342,1,53,518.5,0.489583333333,Eighth
8165342,8171485,1,68,519.0,0.489583333333,Eighth
8165342,8171485,1,56,519.0,0.489583333333,Eighth
8171998,8180190,1,59,519.5,0.489583333333,Eighth
8171998,8180190,1,47,519.5,0.489583333333,Eighth
8180190,8192478,1,60,520.0,0.989583333333,Quarter
8180190,8192478,1,48,520.0,0.989583333333,Quarter
8192478,8207838,1,60,521.0,0.989583333333,Quarter
8207838,8222686,1,68,522.0,0.989583333333,Quarter
8207838,8222686,1,60,522.0,0.989583333333,Quarter
8223197,8239069,1,70,523.0,0.989583333333,Quarter
8223197,8239069,1,61,523.0,0.989583333333,Quarter
8239069,8252894,1,67,524.0,0.989583333333,Quarter
8239069,8252894,1,58,524.0,0.989583333333,Quarter
8252894,8265182,1,76,525.0,0.989583333333,Quarter
8252894,8265182,1,67,525.0,0.989583333333,Quarter
8252894,8265182,1,58,525.0,0.989583333333,Quarter
8265694,8274910,1,77,526.0,0.989583333333,Quarter
8265694,8274910,1,68,526.0,0.989583333333,Quarter
8265694,8274910,1,60,526.0,0.989583333333,Quarter
8274910,8290270,1,80,527.0,0.989583333333,Quarter
8274910,8290270,1,65,527.0,0.989583333333,Quarter
8274910,8290270,1,56,527.0,0.989583333333,Quarter
8291294,8304606,1,53,528.0,0.989583333333,Quarter
8291294,8298462,1,84,528.0,0.489583333333,Eighth
8291294,8304606,1,56,528.0,0.989583333333,Quarter
8295389,8301534,1,85,528.25,0.489583333333,Eighth
8298462,8304606,1,82,528.5,0.489583333333,Eighth
8301534,8304606,1,84,528.75,0.239583333333,Sixteenth
8304606,8321502,1,55,529.0,0.989583333333,Quarter
8304606,8321502,1,52,529.0,0.989583333333,Quarter
8304606,8321502,1,85,529.0,0.989583333333,Quarter
8321502,8334814,1,82,530.0,0.989583333333,Quarter
8321502,8334814,1,55,530.0,0.989583333333,Quarter
8321502,8334814,1,58,530.0,0.989583333333,Quarter
8335326,8346590,1,55,531.0,0.989583333333,Quarter
8335326,8340445,1,82,531.0,0.489583333333,Eighth
8335326,8346590,1,58,531.0,0.989583333333,Quarter
8337374,8343518,1,84,531.25,0.489583333333,Eighth
8340445,8346590,1,80,531.5,0.489583333333,Eighth
8343518,8346590,1,82,531.75,0.239583333333,Sixteenth
8346590,8359902,1,56,532.0,0.989583333333,Quarter
8346590,8359902,1,84,532.0,0.989583333333,Quarter
8346590,8359902,1,53,532.0,0.989583333333,Quarter
8359902,8372190,1,80,533.0,0.989583333333,Quarter
8359902,8372190,1,56,533.0,0.989583333333,Quarter
8359902,8372190,1,60,533.0,0.989583333333,Quarter
8372190,8385501,1,56,534.0,0.989583333333,Quarter
8372190,8379870,1,80,534.0,0.489583333333,Eighth
8372190,8385501,1,60,534.0,0.989583333333,Quarter
8372190,8385501,1,65,534.0,0.989583333333,Quarter
8377310,8382942,1,82,534.25,0.489583333333,Eighth
8380382,8385501,1,79,534.5,0.489583333333,Eighth
8382942,8385501,1,80,534.75,0.239583333333,Sixteenth
8385501,8397790,1,82,535.0,0.989583333333,Quarter
8385501,8397790,1,64,535.0,0.989583333333,Quarter
8385501,8397790,1,58,535.0,0.989583333333,Quarter
8385501,8397790,1,55,535.0,0.989583333333,Quarter
8398302,8410590,1,79,536.0,0.989583333333,Quarter
8398302,8410590,1,64,536.0,0.989583333333,Quarter
8398302,8410590,1,58,536.0,0.989583333333,Quarter
8398302,8410590,1,61,536.0,0.989583333333,Quarter
8410590,8416734,1,79,537.0,0.489583333333,Eighth
8410590,8425950,1,64,537.0,0.989583333333,Quarter
8410590,8425950,1,61,537.0,0.989583333333,Quarter
8410590,8425950,1,58,537.0,0.989583333333,Quarter
8413150,8420318,1,80,537.25,0.489583333333,Eighth
8417246,8425950,1,77,537.5,0.489583333333,Eighth
8421342,8425950,1,79,537.75,0.239583333333,Sixteenth
8425950,8439774,1,65,538.0,0.989583333333,Quarter
8425950,8439774,1,80,538.0,0.989583333333,Quarter
8425950,8454110,1,62,538.0,1.98958333333,Half
8425950,8454110,1,59,538.0,1.98958333333,Half
8439774,8454110,1,77,539.0,0.989583333333,Quarter
8439774,8454110,1,68,539.0,0.989583333333,Quarter
8454622,8480222,1,68,540.0,0.989583333333,Quarter
8454622,8480222,1,77,540.0,0.989583333333,Quarter
8454622,8480222,1,62,540.0,0.989583333333,Quarter
8454622,8480222,1,59,540.0,0.989583333333,Quarter
8480222,8510430,1,60,541.0,1.98958333333,Half
8480222,8510430,1,77,541.0,1.98958333333,Half
8480222,8510430,1,68,541.0,1.98958333333,Half
8510430,8527326,1,60,543.0,0.989583333333,Quarter
8510430,8527326,1,70,543.0,0.989583333333,Quarter
8510430,8515550,1,80,543.0,0.375,Dotted Sixteenth
8510430,8527326,1,76,543.0,0.989583333333,Quarter
8515550,8527326,1,79,543.385416667,0.604166666667,Eighth
8527326,8546782,1,65,544.0,0.989583333333,Quarter
8527326,8546782,1,77,544.0,0.989583333333,Quarter
8527326,8546782,1,68,544.0,0.989583333333,Quarter
8564702,8571358,1,75,546.0,0.489583333333,Eighth
8571358,8584670,1,73,546.5,0.489583333333,Eighth
8584670,8615390,1,65,547.0,1.98958333333,Half
8584670,8615390,1,56,547.0,1.98958333333,Half
8584670,8615390,1,48,547.0,1.98958333333,Half
8615902,8634846,1,48,549.0,0.989583333333,Quarter
8615902,8623582,1,68,549.0,0.375,Dotted Sixteenth
8615902,8634846,1,64,549.0,0.989583333333,Quarter
8615902,8634846,1,58,549.0,0.989583333333,Quarter
8625118,8634846,1,67,549.385416667,0.604166666667,Eighth
8634846,8650718,1,65,550.0,0.989583333333,Quarter
8634846,8650718,1,56,550.0,0.989583333333,Quarter
8634846,8650718,1,53,550.0,0.989583333333,Quarter
8685534,8745950,1,60,553.0,2.98958333333,Dotted Half
8685534,8745950,1,55,553.0,2.98958333333,Dotted Half
8685534,8745950,1,52,553.0,2.98958333333,Dotted Half
8685534,8745950,1,48,553.0,2.98958333333,Dotted Half
8685534,8745950,1,36,553.0,2.98958333333,Dotted Half
8745950,8801758,1,53,556.0,2.98958333333,Dotted Half
8745950,8801758,1,41,556.0,2.98958333333,Dotted Half
8898526,8918494,1,53,560.0,0.989583333333,Quarter
