start(sec),chord
0.957,F3_F4
1.27,A3
1.457,C4
1.624,A3
1.797,A4_C4
1.979,A3
2.211,C5_F3
2.435,C4
2.603,D#4
2.777,C4
2.934,A4_D#4
3.107,C4
3.323,A#4_F3
3.509,A#3
3.689,D4
3.854,A#3
4.046,D4_G5
4.22,A#3
4.436,F3_F5
4.603,E5_G3
4.79,A#3_E5
4.984,G3
5.173,A#3
5.336,G3
5.582,A3_F3_F5
6.023,A4
6.409,D5
6.757,G4
7.195,C5
7.762,A4
7.966,F3_F4
8.346,A2
8.711,D3
9.099,G2_G4
9.329,E4
9.393,F4
9.471,C3_E4
9.674,D4
9.874,E4
10.061,A2
10.24,A4_F2_F4
10.616,A#4_D3
10.982,A#2_D5
11.418,A2_D5
11.628,C5
11.807,A#4
11.966,A4
12.147,D3_G4
12.316,F4
12.51,A#2_G4
12.898,A#4
13.27,A#3_C3_E4
13.74,A3_F2_F4
14.595,A4_C5_C6
14.872,A#4_A#5_G4
14.958,A4_A5_F4
15.371,A4_A5_F4
15.785,A4_A5_F4
16.068,C4_G4_G5
16.161,A3_F4_F5
16.553,A3_F4_F5
16.945,A3_F4_F5
17.339,C4_E5_G4_G5
17.729,C4_E5_G4_G5
18.12,C4_E5_G4_G5
18.501,C4_E5_G4_G5
18.915,A4_A5_F4_F5
19.346,A4_C5_C6
19.438,D6
19.529,C6
19.6,A#4_A#5_G4
19.691,A4_A5_F4
20.089,A4_A5_F4
20.479,A4_A5_F4
20.577,A#5
20.667,A5
20.73,C4_G4_G5
20.863,A3_F4_F5
21.264,A3_F4_F5
21.647,A3_F4_F5
22.049,C4_G4_G5
22.439,A#5
22.839,A#4_C4_E5_G4
23.29,A4_F4_F5
24.076,A#4_C4_C6_E4
24.503,A4_F4_F5
25.305,A#3_C3_C5_E3
25.775,A3_F3_F4
26.548,C#2_C#3_C#4
27.007,D2_D3_D4
27.331,F3
27.505,A3
27.686,F3_F4
27.75,A4
27.837,A3_D5
28.049,A4_F3
28.116,D5
28.191,D3_F5
28.385,D5_F3_F5
28.547,A3_A5
28.742,A5_F3
28.921,A3_F5
29.082,D5_F3
29.32,C#5_E2_E3_E5_G5
29.473,A#5
29.809,A#3_C#4_E3_G3
30.094,A5
30.173,G5
30.268,F5
30.35,E5
30.427,D5
30.508,C#5
30.618,A#5_E2_E3
31.033,A#3_C#4_E3_G3
31.259,A5
31.346,G5
31.44,F5
31.527,E5
31.615,D5
31.691,C#5
31.807,D5_F3
32.033,A3
32.232,D4
32.428,A3_F4
32.501,A4
32.587,D4_D5
32.805,A3_A4
32.893,D5
32.977,F3_F5
33.173,A3_D5
33.253,F5
33.335,A5_D4
33.534,A3_A5
33.717,D4_F5
33.9,A3_D5
34.165,B4_D2_D3_D5_F5_G#5
34.62,B3_D3_F3_G#3
34.858,G5
34.949,F5
35.036,D#5
35.126,D5
35.21,C5
35.314,B4
35.385,D2_D3_G#5
35.827,B3_D3_F3_G#3
36.043,G5
36.139,F5
36.23,D#5
36.318,D5
36.406,C5
36.497,B4
36.646,C5_D#3
36.926,G3
37.138,C4
37.227,G4
37.316,C5_G3
37.422,G4
37.504,C4_D#5
37.596,C5
37.681,D#5_G3
37.78,C5
37.862,D#3_G5
37.961,D#5
38.039,G3_G5
38.122,D#5
38.259,C4_C6
38.475,G3
38.674,C4
38.871,G3
39.085,C3_C5
39.322,D#3
39.543,G#3
39.637,G#4
39.719,C5_D#3
39.828,G#4
39.904,D#5_G#3
40.005,C5
40.079,D#3_D#5
40.168,C5
40.262,C3_G#5
40.358,D#5
40.454,D#3_G#5
40.546,D#5
40.668,C6_G#3
40.913,D#3
41.086,G#3
41.267,D#3
41.5,C5_G#2
41.721,C3
41.931,D#3
42.043,F#4
42.12,C3_C5
42.221,F#4
42.302,D#3_D#5
42.401,C5
42.457,C3_D#5
42.57,C5
42.66,F#5_G#2
42.783,D#5
42.858,C3_F#5
42.947,D#5
43.062,C6_D#3
43.264,C3
43.48,D#3_F#5
43.682,C3
43.911,B4_G2_G4
44.038,D5
44.133,B2_G5
44.365,D3
44.561,G3
44.781,C3_F5
44.865,D#5
44.943,D#3_D5
45.036,C5
45.199,G2_G5
45.411,B2
45.608,D3
45.823,G3
46.016,C3_F5
46.107,D#5
46.191,D#3_D5
46.285,C5
46.448,G2_G3_G5
46.852,G#5
47.07,G#3_G#5
47.177,G3_G5
47.259,F3_F5
47.358,D#3_D#5
47.464,D3_D5
47.53,C3_C5
47.669,G3_G5
48.194,G2_G4
49.073,C3_G3_G4
49.217,C4_E5
49.667,E5
50.07,E5
50.288,G3
50.355,D4
50.427,B4_F4
50.534,G5
51.182,F5
51.392,D5
51.857,C3_D5_E4
52.046,C5
52.271,C5_E3_G4
52.661,G3
52.832,B4_D5
53.073,B4_C4_D5
53.507,C3
53.995,C5_E5
54.424,A3_F5
54.871,C4_F4
54.986,G5
55.059,F5
55.132,E5
55.202,F5
55.327,G5
55.525,A5
55.784,A5_B3
56.012,G5
56.211,D4_F#5_G4
56.406,G5
56.625,F5
56.807,D5
57.016,C4_D#5
57.216,E5
57.413,A3_C4_F5
57.604,E5
57.82,D4_F3_G5
58.009,F5
58.221,B3_E5_G3
58.432,D5
58.635,C5
58.839,B4
59.056,A4
59.29,G4
59.503,C4_D#5
59.667,E4
59.733,E5
59.806,G4
59.924,C4_D#5
60.083,E4_E5
60.199,G4
60.307,C4_D#5
60.475,E4_E5
60.578,G4
60.695,B3_F#5
60.868,D4_G5
60.996,G4
61.094,B3_F#5
61.259,D4_G5
61.398,G4
61.48,B3_F5
61.637,D5_F4
61.759,G4
61.896,C4_D5_E4
62.087,C5
62.281,D5_E3_G4
62.482,C5
62.678,B4_E5_G3
62.883,D5
63.115,B4_C4_D5
63.539,G3
63.73,D#5
63.982,C3_C5_E5
64.491,A3_F5
64.719,C4
64.943,F4
65.023,G5
65.085,F5
65.159,C4_E5_F5
65.319,A3_G5
65.51,A5_C4
65.746,A5_B3
65.961,D4_G5
66.167,F#5_G4
66.357,D4_G5
66.559,B3_F5
66.74,D4_D5
66.954,C4_D#5
67.147,E5
67.355,D4_F3_G5
67.538,F5
67.733,D5_F4_G3
67.935,B4
68.124,C4_C5
68.318,G4
68.507,E4
68.716,G4
68.913,C4
69.108,G4
69.283,D4_F4_G4
69.486,F4_G4
69.697,B3
69.882,F4_G4
70.077,G3
70.273,F4_G4
70.456,C3_D#4_G4
70.66,D#4_G4
70.871,D#3
71.062,D#4_G4
71.268,C3
71.449,D#4_G4
71.647,D3_F4_G4
71.835,F4_G4
72.04,B2
72.234,F4_G4
72.423,G2
72.622,F4_G4
72.807,C2_C3_D#4_G4
73.014,D#4_G4
73.215,D#3
73.4,D#4_G4
73.605,G3
73.796,D#4_G4
73.98,D#4_F2_F3_G#4
74.198,D#4_G#4
74.398,G#3
74.561,D#4_G#4
74.78,C4
74.958,D#4_G#4
75.142,A#1_A#2_D4_G#4
75.341,D4_G#4
75.598,D3
75.747,D4_G#4
75.939,F3
76.125,D4_G#4
76.306,D#2_D#3_D4_G4
76.508,D4_G4
76.715,G3
76.902,D4_G4
77.094,A#3
77.276,D4_G4
77.462,C4_G#1_G#2_G4
77.661,C4_G4
77.896,G#3
78.056,C4_G4
78.25,C4_D2_D3_F4
78.436,C4_F4
78.643,D4
78.835,C4_F4
79.013,B3_F4_G1_G2
79.208,B3_F4
79.434,G3
79.637,B3_F4
79.897,G#3
80.134,C4_D#4
80.348,G3
80.531,C4_D#4
80.736,F#3
80.948,C4_D#4
81.168,B3_D4_G3
81.388,D#4_G4
81.6,D4_F4
81.806,C4_D#4
82.001,B3_D4
82.195,C4_D#4_F#3
82.392,B3_D4_G3
82.596,D#4_G4
82.814,D4_F4
83.017,C4_D#4
83.219,B3_D4
83.411,C4_D#4_F#3
83.626,B3_D4_G3
83.836,C4_D#4_F#3
84.038,B3_D4_G3
84.232,C4_D#4_F#3
84.452,B3_D4_G3
84.654,C4_D#4_F#3
84.931,B3_D4_G3
85.181,A#3_C#4
85.414,B3_D4
85.609,C#4_E4
85.827,D4_F4
86.012,E4_G4
86.253,A4_F3_F4
86.712,A4_C4_F3_F4
87.13,A4_C4_F3_F4
87.603,A4_C4_F3_F4
88.423,C3_E4_G4
88.867,D4_F4_G2_G4
89.299,B3_D4_F4_G2
89.729,B3_D4_F4_G2
90.22,B3_D4_F4_G2
91.076,A2_C4_E4
91.47,E4_F2_G4
91.663,D4_F4
91.88,C4_E4_G2
92.277,B3_D4_G2
92.694,C3_C4_E4
92.921,C5
93.104,D5
93.292,E5
93.474,F5
93.66,G5
93.876,A5_C4_F4
94.294,A5_C4_F4
94.708,A5_C4_F4
95.215,A5_C4_F4
95.917,B5
96.0,A5
96.087,E4_G5
96.486,B4_D4_F5_G3_G5
96.96,B4_D4_F5_G3
97.4,B4_D4_F5_G3
97.87,B4_D4_F5_G3
98.686,A3_C4_C5_E5
99.073,E5_F3_G5
99.249,D5_F5
99.447,C5_E5_G3
99.85,B4_D5_F3
100.228,E2_E3_E5_G5
100.435,E5_G5
100.635,G#3
100.831,D5_F5
101.013,A3
101.207,C5_E5
101.404,F3
101.594,D5_F4
101.79,G3
101.975,C5_E4
102.155,F3
102.332,B4_D4
102.513,E2_E3
102.598,E5
102.684,G5
102.784,E5
102.891,G#2_G#3
102.974,D5
103.053,F5
103.137,D5
103.24,A2_A3
103.332,C5
103.418,E5
103.496,C5
103.59,F2_F3
103.678,F4
103.758,D5
103.848,F4
103.941,G2_G3
104.049,E4
104.129,C5
104.198,E4
104.299,G2_G3
104.402,D4
104.478,B4
104.557,D4
104.677,C3_C5_E4_G4
104.802,E3
104.898,G3
104.993,C4
105.091,C3
105.184,E3
105.276,G3
105.348,C4
105.457,C3_E5
105.555,E3_E5_F5
105.669,D5_G3
105.757,C4_C5
105.872,C3_G5
106.007,E3
106.103,G3
106.198,C4
106.297,C3
106.4,E3
106.474,G3
106.551,C4
106.676,B5_C3
106.75,C6
106.815,B5_F3
106.889,A5_G3_G5
107.009,D4
107.098,C3_C6
107.257,E3
107.353,G3
107.422,C4
107.531,C3
107.638,E3
107.719,G3
107.822,C4
107.923,C3_E5
108.001,E3_E5_F5
108.13,D5_G3
108.201,C4_C5
108.31,C3_G5
108.435,E3
108.52,G3
108.615,C4
108.711,C3_G5
108.867,F3
108.948,G3
109.017,C4
109.111,B5_C3_C6
109.24,B5_F3
109.306,A5_G3
109.382,G5
109.487,C3_C6_E3_G3
109.971,E3_E4_E6
110.629,G#2_G#3_G#5
110.833,A2_A3_A5
111.289,C3_C4_C6
111.928,E3_E5
112.12,F3_F5_G3_G5
112.262,F3_F5
112.326,E3_E5
112.397,D3_D5
112.475,G3_G5
112.902,A5_B5_D5_F5_G2_G3_G5
113.339,C3_C4_C6_E5_G5
113.889,C2_C4
114.961,G4
115.431,C5_E3
115.871,C3_E5
116.358,C5_E5_G3_G4
117.286,B4_D5
117.783,G5
118.228,C5_E3_G4
118.663,C3_E5
119.102,C5_E5_G3_G4
120.017,B4_D5
120.478,A3_A4_D4_F3
120.91,D5
121.316,F5
121.766,A3_D4_E5_F3
122.208,D5
122.688,A5
123.168,D4_F4_G3
123.615,G5
124.044,B4
124.5,C4_C5_E4
124.724,G4
124.926,E4
125.129,G4
125.342,F4
125.548,D4
125.75,C4
126.094,G3
126.185,C4_E3
126.612,C3_E4
127.086,C4_E4_G2_G3
127.941,B3_D4
128.411,G4
128.861,C4_E3_G3
129.286,C3_E4
129.78,C4_E4_G2_G3
130.616,B3_D4
131.087,A2_A3_D3_F2
131.566,D4
131.974,F4
132.417,A2_D3_E4_F2
132.858,D4
133.283,A4
133.733,D3_F3_G2
134.191,G4
134.637,B3
135.036,C3_C4_E3
135.46,E4
135.651,G4
135.861,C4
136.042,G4
136.228,D4_F4_G4
136.402,F4_G4
136.617,B3
136.809,F4_G4
137.005,G3
137.191,F4_G4
137.376,C3_D#4_G4
137.564,D#4_G4
137.764,D#3
137.967,D#4_G4
138.163,C3
138.366,D#4_G4
138.539,D3_F4_G4
138.719,F4_G4
138.927,B2
139.12,F4_G4
139.293,G2
139.484,F4_G4
139.661,C2_C3_D#4_G4
139.868,D#4_G4
140.078,C4
140.27,D#4_G4
140.462,C3
140.648,D#4_G4
140.824,A1_A2_C4_D#4_F#4
141.034,C4_D#4_F#4
141.238,A3
141.41,C4_D#4_F#4
141.595,A2
141.786,C4_D#4_F#4
141.973,A#1_A#2_D4_G4
142.173,D4_G4
142.367,A#3
142.548,D4_G4
142.734,A#2
142.922,D4_G4
143.113,A4_C5_D4_F#1_F#2
143.307,A4_C5_D4
143.525,F#3
143.71,A4_C5_D4
143.888,F#2
144.096,A4_C5_D4
144.26,A#4_D4_G1_G2_G4
144.452,A#4_D4_G4
144.661,G3
144.857,A#4_D4_G4
145.048,G2
145.223,A#4_D4_G4
145.414,A#4_C#5_E2_E3_G4
145.604,A#4_C#5_G4
145.824,E4
146.005,A#4_C#5_G4
146.173,E3
146.362,A#4_C#5_G4
146.53,A4_D5_F2_F3
146.736,A4_D5
146.931,F4
147.124,A4_D5
147.299,F3
147.479,A4_D5
147.654,A4_C#2_C#3_E5_G5
147.863,A4_E5_G5
148.062,C#4
148.243,A4_E5_G5
148.411,C#3
148.594,A4_E5_G5
148.784,A4_D2_D3_D5_F5
148.971,A4_D5_F5
149.176,D4
149.342,A4_D5_F5
149.527,D3
149.707,A4_D5_F5
149.904,A#1_A#2_D5_G#5
150.078,D5_G#5
150.288,A#3
150.461,D5_G#5
150.66,A#2
150.859,D5_G#5
151.086,A2_A5_C#5
151.357,A5_F5
151.566,E5_G5
151.741,D5_F5
151.947,C#5_E5
152.117,D5_F5_G#4
152.319,A4_C#5_E5
152.53,A4_E4_F4
152.721,E4_G4
152.913,D4_F4
153.116,C#4_E4
153.307,D4_F4_G#3
153.513,A3_C#4_E4
153.702,D4_F4_G#3
153.921,A3_C#4_E4
154.117,D4_F4_G#3
154.331,A3_C#4_E4
154.523,D4_F4_G#3
154.788,A3_C#4_E4
156.253,A3_C4_E4
156.523,D4_F4_G#3
156.725,A3_C4_E4
156.948,D4_F4_G#3
157.156,A3_C4_E4
157.355,D4_F4_G#3
157.642,A3_C4_E4
159.174,A#3_C4_E4_G3
159.456,A3_F4
159.681,E4_G3
159.896,A3_F4
160.095,E4_G3
160.298,A3_F4
160.568,E4_G3
162.163,A#5_C4_E5_G4
162.453,A5_F#4
162.686,A#5_G4
162.889,A5_F#4
163.12,A#5_G4
163.341,A5_F#4
163.702,A#5_G4
165.526,F3_F4
165.823,A3
166.025,C4
166.201,A3
166.376,A4_C4
166.565,A3
166.823,C5_F3
167.081,C4
167.236,D#4
167.418,C4
167.586,A4_D#4
167.762,C4
167.995,A#4_F3
168.18,A#3
168.375,D4
168.542,A#3
168.749,D4_G5
168.944,A#3
169.178,F3_F5
169.375,E5_G3
169.569,A#3_E5
169.755,G3
169.943,A#3
170.122,G3
170.38,A3_F3_F5
170.858,A4
171.247,D5
171.648,G4
172.089,C5
172.647,A4
172.888,F3_F4
173.298,A2
173.704,D3
174.089,G2_G4
174.34,E4
174.397,F4
174.478,C3_E4
174.681,D4
174.872,E4
175.06,A2
175.245,A4_F2_F4
175.641,A#4_D3
176.022,A#2_D5
176.453,A2_D5
176.665,C5
176.853,A#4
177.029,A4
177.204,D3_G4
177.383,F4
177.589,A#2_G4
178.0,A#4
178.387,A#3_C3_E4
178.889,A3_F2_F4
179.767,A4_C5_C6
180.069,A#4_A#5_G4
180.164,A4_A5_F4
180.564,A4_A5_F4
180.988,A4_A5_F4
181.305,C4_G4_G5
181.396,A3_F4_F5
181.785,A3_F4_F5
182.174,A3_F4_F5
182.569,C4_E5_G4_G5
182.964,C4_E5_G4_G5
183.354,C4_E5_G4_G5
183.785,A5_C4_E5_G4_G5
184.195,A4_A5_F4_F5
184.639,A4_C5_C6
184.736,D6
184.836,C6
184.904,A#4_A#5_G4
185.02,A4_A5_F4
185.4,A4_A5_F4
185.788,A4_A5_F4
185.867,A#5
185.962,A5
186.035,C4_G5
186.158,A3_F4_F5
186.547,A3_F4_F5
186.94,A3_F4_F5
187.316,C4_G4_G5
187.717,A#5
188.124,A#4_C4_E5_G4
188.585,A4_F4_F5
189.388,A#4_C4_C6_E4
189.853,A4_F4_F5
190.681,A#3_C3_C5_E3
191.158,A3_F3_F4
192.059,C#2_C#3_C#4
192.513,D2_D3_D4
192.852,F3
193.026,A3
193.234,F3_F4
193.312,A4
193.389,A3_D5
193.599,A4_F3
193.676,D5
193.758,D3_F5
193.966,D5_F3
194.04,F5
194.124,A3_A5
194.324,A5_F3
194.487,A3_F5
194.676,D5_F3
194.947,C#5_E2_E3_E5
195.059,G5
195.151,A#5
195.434,A#3_C#4_E3_G3
195.698,A5
195.789,G5
195.882,F5
195.962,E5
196.046,D5
196.122,C#5
196.243,A#5_E2_E3
196.673,A#3_C#4_E3_G3
196.906,A5
196.999,G5
197.091,F5
197.172,E5
197.267,D5
197.346,C#5
197.448,D5_F3
197.669,A3
197.88,D4
198.092,A3_F4
198.178,A4
198.247,D4_D5
198.47,A3_A4
198.549,D5
198.645,F3_F5
198.855,A3_D5
198.93,F5
199.021,A5_D4
199.219,A3_A5
199.4,D4_F5
199.573,A3_D5
199.853,B4_D2_D3_D5_F5_G#5
200.297,B3_D3_F3_G#3
200.529,G5
200.624,F5
200.708,D#5
200.799,D5
200.888,C5
200.984,B4
201.083,D2_D3_G#5
201.516,B3_D3_F3_G#3
201.712,G5
201.815,F5
201.909,D#5
202.009,D5
202.094,C5
202.208,B4
202.326,C5_D#3
202.56,G3
202.755,C4
202.962,D#4_G3
203.034,G4
203.132,C4_C5
203.336,G3_G4
203.413,C5
203.497,D#3_D#5
203.693,C5_G3
203.773,D#5
203.875,C4_G5
204.077,G3_G5
204.263,C4_D#5
204.438,C5_G3
204.704,A4_C5_D#2_D#3_F#5
205.151,A3_C4_D#3_F#3
205.365,F5
205.457,D#5
205.546,C#5
205.634,C5
205.717,A#4
205.823,A4
205.906,D#2_D#3_F#5
206.346,A3_C4_D#3_F#3
206.54,F5
206.638,D#5
206.727,C#5
206.839,C5
206.922,A#4
207.013,A4
207.184,A#4_C#3
207.436,F3
207.655,A#3
207.773,F4
207.855,A#4_F3
207.953,F4
208.042,A#3_C#5
208.142,A#4
208.206,C#5_F3
208.318,A#4
208.404,C#3_F5
208.514,C#5
208.587,F3_F5
208.688,C#5
208.823,A#3_A#5
209.034,F3
209.254,A#3
209.44,F3
209.642,A4_C3
209.862,F3
210.086,A3
210.195,F4
210.262,A4_F3
210.371,F4
210.456,A3_C5
210.556,A4_C5_F3
210.723,A4
210.82,C3_F5
210.919,C5
210.995,F3_F5
211.077,C5
211.191,A3_A5
211.392,F3
211.582,A3
211.783,F3
212.018,B2_G#4
212.245,F3
212.451,G#3
212.568,F4
212.638,F3_G#4
212.745,F4
212.824,D5_G#3
212.918,G#4
212.979,C#5_D5_F3
213.083,G#4
213.177,B2_F5
213.279,D5
213.361,D5_F3_F5
213.546,G#3_G#5
213.762,F3
213.973,F5_G#3
214.165,F3
214.38,C3_C5_E5
214.52,G#5_G5
214.591,C6_E3
214.849,G3
215.059,C4
215.275,A#5_F3
215.367,G#5
215.458,G#3_G5
215.556,F5
215.73,C3_C6
215.978,E3
216.164,G3
216.379,C4
216.559,A#5_F3
216.655,G#5
216.766,G#3_G5
216.871,F5
217.03,C4_C5
217.613,C#4_C#5
217.702,C4_C5
217.814,A#3_A#4
217.9,G#3_G#4
217.995,G3_G4
218.09,F3_F4
218.219,C4_C5
218.729,C2_C4
219.531,C3_C4_F2
219.66,A4_F3
220.1,A4
220.516,A4
220.742,C3
220.802,G3
220.875,E4
220.935,A#3
220.999,C5
221.641,A#4
221.871,G4
222.333,A3_F2_G4
222.529,F4
222.749,A2_C4_F4
223.146,C3
223.329,E4_G4
223.577,E4_F3_G4
224.038,F2
224.503,A4_F4
224.962,A#4_D3
225.397,A#3_F3
225.552,C5
225.615,A#4
225.689,A4
225.743,A#4
225.858,C5
226.06,D5
226.322,D5_E3
226.538,C5
226.737,B4_C4_G3
226.952,C5
227.176,A#4
227.375,G4
227.577,F3_G#4
227.771,A4
227.984,A#4_D3_F3
228.19,A4
228.404,A#2_C5_G3
228.586,A#4
228.811,A4_C3_E3
229.025,G4
229.236,F4
229.428,E4
229.648,D4
229.868,C4
230.124,F3_G#4_G#5
230.358,A3_A5
230.513,C4
230.617,F3_G#4_G#5
230.815,A3_A4_A5
230.952,C4
231.026,F3_G#4_G#5
231.186,A3_A4_A5
231.326,C4
231.439,B4_B5_E3
231.596,G3
231.658,C5_C6
231.751,C4
231.854,B4_B5_E3
231.99,G3
232.051,C6
232.126,C4
232.238,A#5_E3
232.37,A#3
232.456,C4_G5
232.669,A3_F3_G5
232.883,F5
233.083,A3_C5_G5
233.28,F5
233.491,A5_C4_E5
233.668,G5
233.911,E5_F4_G5
234.365,C4
234.555,G#5
234.819,A5_F3_F5
235.354,A#5_D4
235.62,F4
235.853,A#4
235.969,C6
236.034,A#5_F4
236.103,A5
236.159,A#5
236.254,C6_D4
236.434,D6_F4
236.671,D6_E4
236.883,C6_G4
237.087,B5_C5
237.284,C6_G4
237.486,A#5_E4
237.674,G4_G5
237.893,F4_G#5
238.081,A5
238.283,A#3_C6_G4
238.469,A#5
238.669,A#4_C4_G5
238.871,E5
239.062,A4_F4_F5
239.27,C5
239.465,A4
239.669,C5
239.87,F4
240.07,C5
240.253,A#4_C5_G4
240.444,A#4_C5
240.641,E4
240.849,A#4_C5
241.044,C4
241.233,A#4_C5
241.426,C5_F3_G#4
241.622,C5_G#4
241.82,G#3
242.036,C5_G#4
242.228,F3
242.408,C5_G#4
242.598,A#4_C5
242.794,A#4_C5
242.967,E3
243.167,A#4_C5
243.349,C3
243.553,A#4_C5
243.733,C5_F2_F3_G#4
243.945,C5_G#4
244.15,G#3
244.323,C5_G#4
244.525,C4
244.694,C5_G#4
244.883,A#2_A#3_C#5_G#4
245.085,C#5_G#4
245.296,C#4
245.465,C#5_G#4
245.682,F4
245.853,C#5_G#4
246.031,C#5_D#2_D#3_G4
246.234,C#5_G4
246.436,G3
246.618,C#5_G4
246.835,A#3
247.008,C#5_G4
247.193,C5_G#2_G#3_G4
247.383,C5_G4
247.603,C4
247.759,C5_G4
247.973,D#4
248.143,C5_G4
248.331,C#2_C#3_C5_F4
248.525,C5_F4
248.751,C#4
248.926,C5_F4
249.107,A#4_F4_G2_G3
249.285,A#4_F4
249.508,G4
249.681,A#4_F4
249.88,A#4_C2_C3_E4
250.079,A#4_E4
250.318,C4
250.531,A#4_E4
250.762,C#4
251.008,F4_G#4
251.223,C4
251.426,F4_G#4
251.62,B3
251.829,F4_G#4
252.016,C4_E4_G4
252.243,C5_G#4
252.444,A#4_G4
252.634,F4_G#4
252.844,E4_G4
253.038,B3_F4_G#4
253.249,C4_E4_G4
253.449,C5_G#4
253.647,A#4_G4
253.845,F4_G#4
254.065,E4_G4
254.276,B3_F4_G#4
254.493,C4_E4_G4
254.711,B3_F4_G#4
254.921,C4_E4_G4
255.12,B3_F4_G#4
255.32,C4_E4_G4
255.525,B3_F4_G#4
255.794,C4_E4_G4
256.033,D#4_F#4
256.254,E4_G4
256.448,A4_F#4
256.646,A#4_G4
256.841,A4_C5
257.083,A#3_A#4_D5
257.546,A#3_A#4_D5_F4
257.956,A#3_A#4_D5_F4
258.406,A#3_A#4_D5_F4
259.243,A4_C5_F3
259.642,C3_C5_E4_G4
259.741,A#4
260.09,A#4_C3_E4_G4
260.516,A#4_C3_E4_G4
260.986,A#4_C3_E4_G4
261.806,A4_D3_F4
262.191,A#2_A4_C5
262.38,A#4_G4
262.577,A4_C3_F4
262.995,C3_E4_G4
263.409,A4_F3_F4
263.634,F5
263.827,G5
264.005,A5
264.18,A#5
264.358,C6
264.569,A#4_D6_F4
264.977,A#4_D6_F4
265.382,A#4_D6_F4
265.871,A#4_D6_F4
266.523,E6
266.598,D6
266.681,A4_C6
267.051,A#5_C4_C6_E5_G4
267.5,A#5_C4_E5_G4
267.938,A#5_C4_E5_G4
268.389,A#5_C4_E5_G4
269.158,A5_D4_F4_F5
269.514,A#3_A5_C6
269.688,A#5_G5
269.893,A5_C4_F5
270.273,A#3_E5_G5
270.65,A2_A3_A5_C6
270.866,A5_C6
271.051,C#4
271.247,A#5_G5
271.432,D4
271.625,A5_F5
271.823,A#3
272.008,A#4_G5
272.233,C4
272.38,A4_F5
272.581,A#3
272.763,E5_G4
272.948,A2_A3
273.038,A5
273.122,C6
273.21,A5
273.319,C#3_C#4
273.417,G5
273.492,A#5
273.576,G5
273.684,D3_D4
273.777,F5
273.871,A5
273.951,F5
274.052,A#2_A#3
274.139,A#4
274.221,G5
274.309,A#4
274.409,C3_C4
274.499,A4
274.598,F5
274.677,A4
274.793,C2_C3
274.893,G4
274.983,E5
275.055,G4
275.207,A4_C5_E2_F2_F5
275.316,A2
275.415,C3
275.504,F3
275.591,F2
275.699,A2
275.78,C3
275.858,F3
275.964,A4_F2
276.031,A#4
276.091,A2_A4
276.165,C3_G4
276.242,F3_F4
276.352,C5_F2
276.477,A2
276.561,C3
276.651,F3
276.738,F2
276.849,A2
276.931,C3
277.02,F3
277.125,E5_F2
277.203,A#2_E5_F5
277.322,C3_D5
277.404,C5_G3
277.526,F2_F5
277.656,A2
277.747,C3
277.846,F3
277.938,F2
278.035,A2
278.112,C3
278.189,F3
278.306,A5_F2
278.395,A#5_A2_A5_C3_G5
278.576,F3_F5
278.684,C6_F2
278.806,A2
278.892,C3
278.97,F3
279.091,C6_F2
279.191,A2
279.28,C3
279.372,F3
279.477,E6_F2
279.556,A#2_C3_C6_D6_E6_F6_G3
279.878,A2_C3_F2_F3_F6
280.368,A2_A3_A5
280.996,C#3_C#4_C#5
281.195,D3_D4_D5
281.665,F3_F4_F5
282.309,A3_A4
282.486,A#3_A#4_C4_C5
282.617,A#3_A#4
282.682,A3_A4
282.751,G3_G4
282.842,C4_C5
283.262,C3_C4_C5_E5_G4
283.716,A4_C5_F3_F4_F5
284.288,F2_F3_F4
300.077,A#3_A#4
300.65,F4
301.005,D4
301.35,F4
301.776,A#3_D5
302.285,F4
302.393,D#5
302.484,D5
302.56,C5
302.648,D4_D5
303.029,D#5_F4
303.477,A3_E5
303.921,F4
304.286,C4
304.655,F4_F5
305.081,A3_C5
305.491,F4
305.871,C4
306.277,F4
306.633,D#5_G3
307.099,D#4
307.208,F5
307.286,D#5
307.349,D5
307.43,A#3_D#5
307.771,D#4_F5
308.177,D#3_G5
308.599,A#3
308.724,A5
308.81,G5
308.883,F5
308.979,G3_G5
309.371,A#3_A5
309.904,A5_D3
310.344,A#3
310.71,F3
311.089,A#3_A#5
311.56,D3_F5
311.964,A#3
312.348,F3
312.734,A#3
313.228,D#3_G5
313.707,G3
314.122,D#3
314.51,B3_G#5
314.674,G5
314.9,D#3_F5
315.29,C4_D#5
315.676,D#3_D5
316.07,C5_D#4
316.556,D3_E5
317.03,F3_F5
317.436,D3
317.835,A3_G5
318.0,F5
318.237,D#5_D3
318.618,A#3_D5
319.02,C5_D3
319.396,A#4_D4
319.88,A3_F5
320.348,D#5_F4
320.717,C4
321.091,C5_F4
321.536,A#3_D#5
322.025,D5_F4
322.388,D4
322.762,A#4_F4
323.189,D5_F3
323.983,A#3
324.395,D#5_D4
324.592,D5
324.84,A3_C4_C5_F3
325.329,F5
325.78,D#5
326.217,C5
326.723,A#3_A#4
327.245,F4
327.383,C5
327.466,A#4
327.54,A4
327.632,A#4_C#4
328.038,C5_F4
328.457,A#3_C#5
328.943,F4
329.025,D#5
329.117,C#5
329.197,C5
329.283,C#4_C#5
329.664,D#5_F4
330.181,E5_G#3
330.639,F4
331.008,C4
331.411,F4_F5
331.84,C5_G#3
332.279,F4
332.654,C4
333.049,F4
333.479,D#5_F#3
333.953,D#4
334.047,F5
334.12,D#5
334.191,D5
334.275,A#3_D#5
334.645,D#4_F5
335.057,D#3_F#5
335.501,A#3
335.585,G#5
335.665,F#5
335.729,F5
335.846,F#3_F#5
336.245,A#3_G#5
336.719,A5_D3
337.189,A#3
337.576,F3
337.971,A#3_A#5
338.456,C#3_F5
338.88,A#3
339.299,F3
339.701,A#3
340.118,C3_E5
340.458,C#6
340.732,A#3
341.107,G3
341.51,A#3
341.926,C3
342.365,A#3_C6
342.555,A#5
342.741,G#5_G3
342.918,G5
343.107,A#3_F5
343.276,E5
343.574,C#3_G5
344.051,G#3
344.439,F3_F5
344.855,G#3
345.236,A#2
345.673,D#5_G3
346.085,C#3
346.47,C#5_G3
346.909,C3_C5
347.327,G#3
347.457,C#5
347.559,C5
347.635,A#4
347.723,C5_F3
348.124,C#5_G#3
348.609,C3_F4
349.033,A#3
349.435,E4_G#4_G3
349.844,A#3_G4
350.331,A3_F3_F4
350.764,C4
351.134,C4
351.529,C4
351.93,A3_F3
352.328,C4
352.743,A#3_G3
353.156,C4
353.587,A#4_E3_G3
354.044,C4
354.408,C4
354.81,C4
355.18,C3_E3_G4
355.598,C4
355.953,A#3_E4_G3
356.348,C4
356.811,A3_C5_F3
357.27,C4
357.436,A4
357.625,C4_C5
358.027,C4
358.423,A3_F3
358.833,C4
359.227,A#3_G3
359.622,C4
360.043,A#4_E3_G3
360.475,C4
360.878,C4
361.276,C4
361.656,C3_E3_G4
362.074,C4
362.456,A#3_E4_G3
362.865,C4
363.363,A3_C5_F3
364.176,A4
364.417,C5
365.66,A5_F5
366.18,E5_G5
366.586,D5_F5
366.977,C#5_E5
367.383,D5_F5
367.829,C5_E5
368.245,A#4_D5
368.66,A4_C#5
369.098,A#4_D5
369.527,A4_C5
369.951,A#4_G4
370.349,A4_F#4
370.914,A3_A4_C4_D3_D4_F#3_F#4
372.715,A#3_A#4_G3
373.143,C5
373.23,A#4
373.319,A4
373.413,A#4
373.547,C5_E4
373.984,D5
374.423,A3_C5_F4
374.747,A#4
374.991,A4
375.246,A#3_D4_G4
375.499,A#4
375.734,D5
376.098,A3_C3_F4
376.957,A#3_E4_G4
377.84,A#3_E4_F3_G4
378.303,C4
378.461,G#4
378.661,A4_C4_F4
379.082,C4
379.484,A3_F3
379.891,C4
380.306,A#3_G3
380.724,C4
381.158,A#4_E3_G3
381.607,C4
382.001,C4
382.393,C4
382.785,C3_E3_G4
383.208,C4
383.574,A#3_E4_G3
383.993,C4
384.418,A3_C5_F3
384.902,C4
385.039,A4
385.228,C4_C5
385.63,C4
386.026,A3_F3
386.422,C4
386.822,A#3_G3
387.224,C4
387.587,A#4_E3_G3
388.034,C4
388.431,C4
388.844,C4
389.237,C3_E3_G4
389.652,C4
390.018,A#3_E4_G3
390.454,C4
390.967,A3_C5_F3
391.74,F5
392.018,C5
393.168,A5_F5
393.665,E5_G5
394.095,D5_F5
394.477,C#5_E5
394.898,D5_F5
395.352,C5_E5
395.758,A#4_D5
396.165,A4_C#5
396.566,A#4_D5
397.001,A4_C5
397.406,A#4_G4
397.829,A4_F#4
398.41,A3_A4_C4_D3_D4_F#3_F#4
400.234,A#3_A#4_G3
400.672,C5
400.764,A#4
400.849,A4
400.94,A#4
401.049,C5_E4
401.439,D5
401.895,A3_C5_F4
402.237,F5
402.451,A4
402.671,A#3_D4_G4
402.913,A#4
403.142,D5
403.486,A3_C3_F4
404.4,E4_G3
405.163,A4
405.326,A5
405.71,F3
406.094,A3
406.26,F5
406.464,D4_F5
406.568,G5
406.633,F5
406.699,E5
406.78,F5
406.917,A#4
407.012,A#5
407.296,G3
407.629,A#3
407.806,G5
407.993,E4_G5
408.09,A5
408.155,G5
408.227,F#5
408.309,G5
408.49,C6
408.94,A3
409.107,A5
409.305,C4_F5
409.693,F4
410.099,A3
410.478,D#5
410.878,D#4_D5
411.294,C#5
411.688,A#3_D4_D5
412.078,E5
412.258,F#5
412.435,G5
412.598,A5
412.777,A#5
412.96,C#6
413.185,A#3_D4_D6_G4
413.388,C6
413.548,A#5
413.714,A5
413.902,G5
414.059,F5
414.242,E5
414.402,D5
414.647,C3_C5
415.034,A3
415.466,C6_F3
415.902,A3
416.305,C3
416.555,A5
416.707,A3
416.842,F5
417.06,C5_F3
417.237,A4
417.404,A3_F5
417.708,F4
417.927,C3_G4
418.096,A4
418.233,G4
418.289,A#3_A4
418.385,G4
418.452,A4
418.531,G4
418.587,A4_E3_G4
418.719,A4
418.82,G4
418.88,A4
418.979,A#3_A4_G4
419.125,G4
419.178,A4
419.27,G4
419.331,A4_C3
419.423,G4
419.48,A4
419.569,G4
419.63,A#3_A4_G4
419.777,A4
419.875,G4
419.941,A4
420.036,E3_G4
420.102,A4
420.191,G4
420.26,A4
420.365,G4
420.443,A#3
420.672,F4
420.822,G4
421.025,F3_F4
421.549,C4
421.991,F4
422.171,F5
422.422,D#4_F5
422.533,G5
422.628,F5
422.702,E5
422.783,F5
422.975,C6_D4
423.466,A#5
423.878,A#3_A5
424.28,G5
424.72,A3_G5
425.134,C4_F5
425.562,F4
425.738,F5
425.983,D#4_F5
426.074,G5
426.151,F5
426.224,E5
426.299,F5
426.454,C6_D4
426.904,A#5
427.314,A#3_A5
427.741,G5
428.191,A3_F3_G5
428.331,F5
428.635,A#3_G3
429.069,A3_C4_F5
429.495,A#3_D4
429.949,C4_D#4_F5
430.38,B3_D4
430.866,C4_D#4_F5
431.354,B3_D4
432.087,C4_D#4_F5
434.845,E5
435.148,E5
435.47,F5
435.702,G5
435.882,F5
436.068,F5
436.242,D#5
436.415,D5
436.592,C5
436.919,A#3_A#4
437.406,F4
437.776,D4
438.159,F4
438.555,A#3_D5
439.062,F4
439.172,D#5
439.266,D5
439.352,C5
439.44,D4_D5
439.814,D#5_F4
440.272,A3_E5
440.721,F4
441.104,C4
441.482,F4_F5
441.914,A3_C5
442.327,F4
442.716,C4
443.112,F4
443.5,D#5_G3
443.97,D#4
444.062,F5
444.143,D#5
444.204,D5
444.288,A#3_D#5
444.655,D#4_F5
445.069,D#3_G5
445.479,A#3
445.609,A5
445.677,G5
445.742,F5
445.833,G3_G5
446.229,A#3_A5
446.737,A5_D3
447.19,A#3
447.536,F3
447.947,A#3_A#5
448.389,D3_F5
448.819,A#3
449.22,F3
449.615,A#3
450.102,D#3_G5
450.59,G3
450.966,D#3
451.391,B3_G#5
451.548,G5
451.775,D#3_F5
452.174,C4_D#5
452.553,D#3_D5
452.957,C5_D#4
453.454,D3_E5
453.889,F3_F5
454.284,D3
454.673,A3_G5
454.849,F5
455.074,D#5_D3
455.48,A#3_D5
455.878,C5_D3
456.233,A#4_D4
456.691,A3_F5
457.158,D#5_F4
457.527,C4
457.91,C5_F4
458.315,A#3_D#5
458.772,D5_F4
459.145,D4
459.517,A#4_F4
459.982,D5_F3
460.423,D4
460.809,A#3
461.199,D#5_D4
461.367,D5
461.62,A3_C4_C5_F3
462.094,F5
462.544,D#5
463.02,C5
463.523,A#3_A#4
464.108,F4
464.26,C5
464.355,A#4
464.431,A4
464.51,A#4_C#4
464.918,C5_F4
465.336,A#3_C#5
465.801,F4
465.909,D#5
466.0,C#5
466.052,C5
466.148,C#4_C#5
466.526,D#5_F4
467.048,E5_G#3
467.544,F4
467.927,C4
468.302,F4_F5
468.719,C5_G#3
469.125,F4
469.501,C4
469.893,F4
470.299,D#5_F#3
470.755,D#4
470.876,F5
470.949,D#5
471.003,D5
471.099,A#3_D#5
471.448,D#4_F5
471.863,D#3_F#5
472.322,A#3
472.44,G#5
472.507,F#5
472.569,F5
472.647,F#3_F#5
473.038,A#3_G#5
473.552,A5_D3
474.034,A#3
474.411,F3
474.85,A#3_A#5
475.358,C#3_F5
475.78,A#3
476.188,F3
476.595,A#3
477.027,C3_E5
477.336,C#6
477.603,A#3
478.004,G3
478.417,A#3
478.842,C3
479.305,A#3_C6
479.505,A#5
479.689,G#5_G3
479.876,G5
480.066,A#3_F5
480.245,E5
480.482,C#3_G5
480.939,G#3
481.327,F3_F5
481.742,G#3
482.15,A#2
482.638,D#5_G3
483.035,C#3
483.421,C#5_G3
483.85,C3_C5
484.305,G#3
484.439,C#5
484.516,C5
484.609,A#4
484.677,C5_F3
485.065,C#5_G#3
485.492,C3_F4
485.91,A#3
486.306,E4_G#4_G3
486.732,A#3_G4
487.18,F3_F4
487.617,F4
488.014,F4
488.401,F4
488.792,A#3_D4
489.221,F4
489.634,C4_D#4
490.06,F4
490.497,A3_C4_D#5
490.971,F4
491.349,F4
491.766,F4
492.15,A3_C5_F3
492.594,F4
492.952,A4_C4_D#4
493.333,F4
493.79,A#3_D4_F5
494.255,F4
494.404,D5
494.585,F4_F5
495.004,F4
495.376,A#3_D4
495.797,F4
496.184,C4_D#4
496.581,F4
496.995,A3_C4_D#5
497.426,F4
497.839,F4
498.272,F4
498.667,A3_C5_F3
499.086,F4
499.462,A4_C4_D#4
499.893,F4
500.339,A#3_D4_F5
501.095,D5
501.339,F5
502.439,A#5_D6
502.957,A5_C6
503.371,A#5_G5
503.77,A5_F#5
504.188,A#5_G5
504.629,A5_F5
505.038,D#5_G5
505.452,D5_F#5
505.898,D#5_G5
506.354,D5_F5
506.734,C5_D#5
507.158,B4_D5
507.707,B3_B4_D4_D5_F4_G3_G4
509.712,C4_C5_D#4_D#5
510.171,F5
510.257,D#5
510.34,D5
510.426,D#5
510.549,A4_F5
511.018,G5
511.484,A#4_D4_F5
511.831,D#5
512.062,D5
512.302,C5_D#4_G4
512.544,D#5
512.767,G5
513.129,A#4_D4_F3
514.003,A4_C5_D#4
514.87,A#3_A4_C5_D#4
515.362,F4
515.514,C#5
515.719,A#4_D5_F4
516.142,F4
516.557,A#3_D4
516.975,F4
517.378,C4_D#4
517.779,F4
518.208,A3_C4_D#5
518.639,F4
519.073,F4
519.483,F4
519.868,A3_C5_F3
520.298,F4
520.658,A4_C4_D#4
521.079,F4
521.531,A#3_D4_F5
522.017,F4
522.156,D5
522.344,F4_F5
522.75,F4
523.145,A#3_D4
523.565,F4
523.924,C4_D#4
524.326,F4
524.78,A3_C4_D#5
525.242,F4
525.647,F4
526.413,A3_C5_F3
526.837,F4
527.216,A4_C4_D#4
527.634,F4
528.128,A#3_D4_F5
528.893,A#5
529.171,F5
530.322,A#4_A#5_D5_D6
530.839,A4_A5_C5_C6
531.272,A#4_A#5_G4_G5
531.676,A4_A5_F#4_F#5
532.134,A#4_A#5_G4_G5
532.585,A4_A5_F4_F5
532.997,D#4_D#5_G4_G5
533.414,D4_D5_F#4_F#5
533.841,A4_D#4_D#5_G4_G5
534.296,D4_D5_F4_F5
534.712,C4_C5_D#4_D#5
535.147,B3_B4_D4_D5
535.729,B3_B4_D4_D5_F4_G3_G4
537.678,C4_D#4_D#5
538.116,F5
538.215,D#5
538.297,D5
538.382,D#5
538.493,A4_F5
538.956,G5
539.397,A#4_D4_F5
539.737,A#5
539.991,D5
540.233,D#4_G4_G5
540.556,D#5
540.785,C5
541.061,A#4_D4_F3
541.99,A4_C4
542.706,D4
542.905,D5
543.341,A#2
543.743,D3
543.918,A#4
544.156,A#4_G3
544.237,C5
544.318,A#4
544.393,A4
544.487,A#4
544.556,D#4
544.664,D#5
544.999,C3
545.337,D#3
545.488,C5
545.704,A3_C5
545.777,D5
545.861,C5
545.917,B4
546.005,C5
546.161,F5
546.548,D3
546.721,A#4
547.07,A#5_F3
547.514,A#3
547.945,D3
548.342,G#5
548.74,G#3_G5
549.181,F#5
549.699,D#3_G3
549.993,G5
550.253,A#5
550.448,G5
550.646,D5
550.816,D#5
551.009,G5
551.178,D#5
551.388,B4_C4_D#3_G3
551.591,C5
551.754,D#5
551.936,D5
552.168,F5
552.365,D#5
552.549,D5
552.71,C5
552.948,F3_F4
553.13,F5
553.388,D4
553.792,A#3
554.19,D4
554.594,F3
555.005,D4_G5
555.434,A#3_A5
555.875,A#5_D4
556.444,D5_F3
556.677,C5
556.815,D#4_D5
556.917,C5
556.98,D5
557.073,C5
557.137,D5
557.191,A3_C5
557.271,D5
557.375,C5_D5
557.525,C5_D#4_D5
557.668,C5_D5
557.811,C5_D5
557.928,C5_D5_F3
558.111,C5
558.169,D5
558.26,C5_D#4_D5
558.419,C5
558.475,D5
558.564,A3_C5_D5
558.707,C5
558.786,D5
558.952,C5
559.017,D#4
559.238,A#4
559.393,C5
559.562,A#3_A#4
560.098,D4
560.5,F4
560.668,A#4
560.939,A#4_G#4
561.036,C5
561.133,A#4
561.193,A4
561.284,A#4
561.448,F5_G4
561.977,D#5
562.383,D#4_D5
562.776,C5
563.241,C5_D4
563.691,A#4_F4
564.135,G#4
564.318,A#4
564.569,A#4_F#4
564.676,C5
564.777,A#4
564.842,A4
564.94,A#4
565.052,F5_G4
565.483,D#5
565.891,D#4_D5
566.314,C5
566.737,A#3_A#4
567.242,D4_F4
567.796,D#4_D#5_G4
568.283,C4_D#4
568.486,A4
568.715,A#3_A#4_D4
569.217,D4_F4
569.855,D#4_G4_G5
570.5,C4_D#4
570.862,A4
571.521,A#2_A#3_A4_C4_D#4_F4
574.518,A#4_D3_D4_F3_F4
587.952,A2_C3_F2_F3
588.061,C6
588.182,B5
588.273,C6
588.366,F6
588.449,C6
588.542,A#5
588.629,A5
588.719,G#5
588.811,A5
588.9,C6
588.977,A5
589.07,G5
589.15,F5
589.237,E5
589.326,F5
589.413,A5
589.475,F5
589.566,D5
589.65,C5
589.743,B4
589.832,C5
589.924,F5
589.988,C5
590.089,A#4
590.176,A4
590.26,G#4
590.359,A4
590.52,A4
590.604,A3_F4
590.716,F5
590.776,G3
590.828,E4
590.9,F5
590.992,A3_F4
591.081,F5
591.167,A#3_G4
591.253,F5
591.341,A3_F4
591.419,F5
591.514,A#3_G4
591.603,F5
591.694,A4_C4
591.777,F5
591.885,A#3_G4
591.961,F5
592.059,A4_C4
592.137,F5
592.243,A#4_C#4
592.363,F5
592.451,A#4
592.531,F5
592.609,A4_C4
592.72,F5
592.822,A#4_C#4
592.913,F5
592.999,A#4
593.083,F5
593.167,A4_C4
593.246,F5
593.352,B3_G#4
593.422,F5
593.531,B3_G#4
593.609,F5
593.703,B3_G#4
593.81,F5
593.932,C4_E5_G4
594.503,A2_C3_F2_F3
594.616,C6
594.716,B5
594.802,C6
594.9,F6
594.992,C6
595.09,A#5
595.174,A5
595.263,G#5
595.349,A5
595.436,C6
595.522,A5
595.602,G5
595.689,F5
595.781,E5
595.868,F5
595.961,A5
596.033,F5
596.124,D5
596.208,C5
596.296,B4
596.374,C5
596.464,F5
596.527,C5
596.632,A#4
596.71,A4
596.805,G#4
596.915,A4
597.003,C5
597.095,A4
597.191,A3_F4
597.283,F5
597.383,E4_G3
597.475,F5
597.573,A3_F4
597.66,F5
597.749,A#3_G4
597.849,F5
597.948,A3_F4
598.03,F5
598.121,A#3_G4
598.199,F5
598.294,A4_C4
598.38,F5
598.48,A#3_G4
598.559,F5
598.652,A4_C4
598.734,F5
598.841,A#4_C#4
598.956,F5
599.044,A#4
599.126,F5
599.22,A4_C4
599.306,F5
599.413,A#4_C#4
599.505,F5
599.599,A#4
599.672,F5
599.766,A4_C4
599.854,F5
599.949,B3_F5_G#4
600.539,A#3_G4
600.639,E5
601.216,A3_F#4
601.336,D#5
601.917,A#2
602.022,A#3
602.143,D4
602.233,G4
602.319,A#4
602.402,D5
602.507,A#3_C3_C5_G3
602.598,A#4
602.697,A4
602.773,G4
602.874,F4
602.967,E4
603.085,A3_F3_F4
603.297,C4
603.486,C4
603.706,C3_E4
603.79,A#4
604.008,A#3_C4
604.221,A#3_C4
604.422,A#3_C4
604.609,A#3_A4_C4
604.792,A#3_C4_G4
605.001,F3_G4
605.09,F4
605.243,A3_C4
605.457,A3_C4
605.671,A3_C4_F4
605.885,A3_C4
606.079,A3_C4
606.268,C3_E4
606.361,A#4
606.512,C4_G3
606.725,C4_G3
606.945,C4_G3
607.135,A4_C4_G3
607.319,C4_G3_G4
607.542,B4_F3
607.772,A3_C4
607.996,A3_C4
608.212,A3_C4_C5
608.418,A3_C4
608.617,A3_C4
608.796,C3_E4
608.892,A#4
609.06,A#3_C4
609.273,A#3_C4
609.486,A#3_C4
609.688,A#3_A4_C4
609.883,A#3_C4_G4
610.087,F3_F4
610.309,A3_C4
610.5,A3_A4_C4
610.719,A3_C4
610.909,A3_C4
611.121,A3_C4_C5
611.339,C3
611.53,C4_G3
611.717,A#4_C4_G3
611.94,A#3_C4
612.154,A#3_C4
612.331,A#3_C4_G4
612.556,A3_C4_F3_F4
612.977,A2_A3
613.181,A#2_A#3
613.389,G3_G4
613.57,B2_B3
613.764,C3_C4
613.97,A3_A4
614.148,C#3_C#4
614.329,D3_D4
614.523,A#3_A#4
614.707,E3_E4
615.107,A#5
615.842,A#3_C4_E4_G4
616.102,A5
616.177,G5
616.26,F5
616.329,E5
616.418,A3_C4_F4_F5
616.638,G5
616.836,A5
617.082,A4_C4_C5
617.461,A#4_C#4_G4
617.727,A#4_D4_G4
618.457,A4_F4
619.438,A2_A3
619.654,A#2_A#3
619.867,G3_G4
620.053,B2_B3
620.249,C3_C4
620.436,A3_A4
620.621,C#3_C#4
620.819,D3_D4
621.009,A#3_A#4
621.212,E3_E4
621.609,A#5
622.31,A#3_C4_E4_G4
622.581,A5
622.646,G5
622.724,F5
622.798,E5
622.892,A3_C4_F4_F5_G5
623.062,A5
623.561,A#3_D4_D5_F4
623.646,E5
623.741,F5
624.431,A3_C3_C4_F4
625.132,A#3_A4_E4
625.283,G4
625.658,F4
625.969,F3_F4
626.204,A3
626.406,A4_C4
626.677,C5_E4_F3
626.927,A#4_G3
627.126,A#3_G4
627.339,F3_F4
627.538,A3_C4
627.74,A4_C4
627.992,C5_E4_F3
628.202,A#4_G3
628.409,A#3_G4
628.651,F3_F4
628.876,A3_C4
629.07,A4_C4
629.329,F3_F4
629.553,A3_C4
629.788,A4_C4
630.158,A#3_F2_F3_G4
631.355,A3_F4
632.68,A4_A5
633.358,A4_G5
634.009,A2_A3_A4_F5
634.66,A4_E5_G2_G3
635.319,A4_D5_F2_F3
635.991,A4_C#5_E2_E3_G4
636.637,D3_D5
636.732,A4
636.858,F3_F4
636.957,A4
637.029,A3_D5
637.126,A4
637.225,C#3_E5
637.314,A4
637.417,E3_G4
637.521,A4
637.592,A3_E5
637.702,A4
637.783,D3_F5
637.892,D5
637.99,A4_F3
638.085,D5
638.174,A3_F5
638.26,D5
638.367,C3_F#5
638.462,D5
638.56,A4_F#3
638.646,D5
638.727,A3_F#5
638.848,D5
638.97,B2_G5
639.438,A5
639.51,G5
639.615,F5
640.068,G5
640.147,F5
640.24,E5_G4
640.689,F5
640.772,E5
640.875,D5_F4_G4
641.329,E5
641.406,D5
641.516,C5_E4_G4
641.948,D5
642.029,C5
642.142,B4_D4_F4_G4
642.513,C5
642.62,B4
642.711,C4_D5
642.839,C5
642.927,B4_E4
643.053,C5
643.132,B4_G4
643.229,C5
643.32,B3_E5
643.414,D5
643.507,C#5_F4
643.615,D5
643.69,C#5_G4
643.796,D5
643.902,C4_E4_E5_G4
644.025,D5
644.116,C5
644.214,D5
644.303,E5
644.401,F5
644.5,G5
644.592,F5
644.684,E5
644.79,F5
644.893,G5
645.0,G#5
645.079,A5_F3
645.232,A#5
645.331,A5_B5_F4
645.432,G5
645.531,F5
645.626,E5
645.701,B2_D5
645.828,C#6
645.905,B3_D6
646.012,C6
646.116,B5
646.194,A5
646.292,E3_G5
646.404,A5
646.496,E4_G5
646.598,F5
646.694,E5
646.789,D5
646.88,A2_C5
646.988,B5
647.083,A3_C6
647.171,B5
647.281,A5
647.365,G5
647.461,D3_F5
647.56,C#6
647.656,D6
647.75,B5
647.863,B3_G5
647.966,F5
648.074,C4_E5
648.167,B5
648.259,C6
648.337,G5
648.444,C3_F5
648.533,E5
648.639,D5_G3
648.737,E5
648.837,D5
648.943,C5
649.033,B4
649.115,A4
649.22,G4
649.307,A4
649.448,G4
649.517,F4
649.624,E4
649.734,D4
649.921,C4_D#5
650.24,D#4
650.438,G4
650.654,C4
650.857,D#4_D5
651.06,C5_G4
651.288,B3_F#5
651.514,D4
651.74,G4_G5
651.974,B3_D5
652.217,D4
652.424,G4
652.734,B3_G#5
653.031,D4
653.264,F4
653.46,B3
653.665,D4_G5
653.859,F5_G4
654.085,C4_D#5
654.165,F5
654.253,D#4_D#5_D5
654.396,D#5
654.464,F5_G4
654.667,C4_G5
654.906,D#4
655.116,G4
655.41,C6_D#4
655.697,G4
655.93,C5
656.134,A#5_D4
656.349,F4
656.551,A#4_C6
656.788,A#5_C4
657.017,D#4
657.21,G#4_G#5
657.439,A#3_G5
657.637,D4
657.875,G4
658.076,F5_G#3
658.301,C4
658.491,D#5_F4
658.71,D5_G#3
658.936,C4
659.141,C5_F#4
659.385,D#5_G3
659.63,C4
659.852,G4
660.055,D5_G3
660.311,B3
660.508,G4
660.764,C4_D#5
661.035,D#4
661.246,G4
661.457,C4
661.642,D#4_D5
661.867,C5_G4
662.111,B3_F#5
662.354,D4
662.538,G4_G5
662.777,B3_D5
663.005,D4
663.211,G4
663.483,B3_G#5
663.76,D4
663.99,F4
664.194,B3
664.391,D4_G5
664.581,F5_G4
664.818,A#3_E5
665.038,C#4
665.238,F5_G4
665.344,G5
665.451,A3_F5
665.673,C4
665.898,F4
666.198,D#6_G#3
666.525,C4
666.741,F#4
666.971,G3
667.199,C4_D6
667.391,C6_G4
667.611,B5_F3
667.835,G#3
668.038,D4
668.233,C6_D#3
668.454,C4
668.628,F3_G#5
668.879,C5_G3
669.083,C4
669.284,D#4
669.49,D#5_G3
669.544,B4
669.595,D5
669.71,D4
669.923,F4
670.132,C4_C5_E4
670.233,A5_G5
670.328,F#5
670.398,G5
670.491,A5
670.585,G5
670.648,D4_F5
670.786,G5
670.884,B3_C4_F5
670.979,G5
671.072,F5_G3
671.163,G5
671.268,C4_E5
671.375,G5
671.469,F#5
671.551,G5
671.645,C6
671.737,G5
671.855,D4_F5
671.954,G5
672.057,B3_F5
672.161,G5
672.243,F5_G3
672.352,G5
672.448,C4_E5
672.536,G5
672.639,F#5
672.715,G5
672.818,C6
672.906,G5
673.001,D4_F5
673.104,G5
673.208,B3_F5
673.302,G5
673.401,F5_G3
673.495,G5
673.591,C4_E5
673.706,G5
673.798,C6
673.882,E5
673.984,D5
674.07,B5
674.169,C5
674.259,A5
674.366,B4
674.452,G5
674.561,A4
674.638,F5
674.746,G4
674.845,E5
674.953,F4
675.036,D5
675.145,E4
675.23,C5
675.34,D4
675.422,B4
675.525,C4
675.616,A4
675.719,B3
675.805,G4
675.949,A3_F#4
676.193,A2
676.404,C3
676.613,D#3_F4_G#3
676.848,D3
677.073,C3
677.262,F5_G#4
677.474,B2
677.671,D3
677.879,B4_D4_G#3
678.089,G3
678.299,F3
678.514,E3
678.729,G5
678.938,G5
679.147,F3
679.35,A5
679.54,A5
679.784,C5_E4_G3_G4
680.453,B4_E5_F4
680.561,D5
681.09,C4_C5_E4
681.186,G5
681.289,F#5
681.368,G5
681.466,A5
681.564,G5
681.664,D4_F5
681.766,G5
681.879,B3_F5
681.977,G5
682.056,F5_G3
682.186,G5
682.268,C4_E5
682.387,G5
682.483,F#5
682.573,G5
682.669,C6
682.755,G5
682.87,D4_F5
682.978,G5
683.069,B3_F5
683.167,G5
683.259,F5_G3
683.361,G5
683.456,C4_E5
683.548,G5
683.643,F#5
683.721,G5
683.829,C6
683.904,G5
684.004,D4_F5
684.103,G5
684.202,B3_F5
684.296,G5
684.391,F5_G3
684.495,G5
684.59,C4_E5
684.695,G5
684.785,C6
684.875,E5
684.969,D5
685.059,B5
685.163,C5
685.258,A5
685.353,B4
685.439,G5
685.546,A4
685.63,F5
685.747,G4
685.831,E5
685.936,F4
686.022,D5
686.126,E4
686.207,C5
686.318,D4
686.402,B4
686.513,C4
686.599,A4
686.704,B3
686.783,G4
686.947,A3_F#4
687.191,A2
687.4,C3
687.611,D#3_F4_G#3
687.831,D3
688.027,C3
688.258,F5_G#4
688.469,B2
688.669,D3
688.891,B4_D4_G#3
689.105,G3
689.31,F3
689.52,E3
689.736,G5
689.948,G5
690.142,F3
690.352,A5
690.565,A5
690.892,C5_E4_G3_G4
691.574,B4_D4_F3
692.307,E3_F#5
692.427,G5
692.52,F#5_G3
692.611,G5
692.701,C4_F#5
692.779,G5
692.901,F3_G#5
693.0,A5
693.09,A3_G#5
693.173,A5
693.232,B5_D4
693.357,C6
693.457,C5_G3
693.668,C4
693.854,E4
694.065,B4_E5_G3
694.167,D5
694.307,D4
694.49,F4
694.594,C5
694.693,C4_C5_E4
694.809,E5
694.918,G5
695.008,C6
695.094,B5
695.18,A5
695.275,B3_F4_G3_G5
695.374,A5
695.465,G5
695.564,F5
695.652,E5
695.742,D5
695.84,C4_C5_E4
695.957,E5
696.048,D5
696.137,C5
696.225,B4
696.314,A4
696.4,B3_F4_G3_G4
696.525,A4
696.622,G4
696.711,F4
696.798,E4
696.9,D4
696.982,C3_C4_E3
697.095,E4
697.197,D4
697.276,C4
697.365,B3
697.456,A3
697.534,B2_F3_G2_G3
697.651,A3
697.738,G3
697.836,F3
697.931,D3_E3
698.103,C2_C3
698.331,E2_E3
698.517,G2_G3
698.703,C3_C4
698.902,E3_E4
699.076,G3_G4
699.277,C4_C5
699.895,C3_C4_C5_E3_E5_G3_G4_G5
700.57,C3_C4_C5_C6_E3_E5_G3_G5
701.866,C2_C3_D#2_G2
702.044,G5
702.174,F#5
702.28,G5
702.375,C6
702.475,A5_G5
702.568,F5
702.654,D#5
702.749,D5
702.859,D#5
702.932,G5
703.026,D#5
703.112,D5
703.206,C5
703.297,B4
703.371,C5
703.466,D#5
703.546,C5
703.648,G#4
703.733,G4
703.836,F#4
703.934,G4
704.023,C5
704.096,G4
704.206,F4
704.302,D#4
704.393,D4
704.501,D#4
704.599,G4
704.686,D#4
704.785,C4_D#3
704.908,C5
704.98,B3_D3
705.107,C5
705.188,C4_D#3
705.286,C5
705.376,D4_F3
705.474,C5
705.577,C4_D#3
705.648,C5
705.754,D4_F3
705.857,C5
705.958,E4_G3
706.046,C5
706.145,D4_F3
706.228,C5
706.333,E4_G3
706.418,C5
706.546,F4_G#3
706.672,C5
706.768,F4
706.859,C5
706.961,D#4_G3
707.066,C5
707.173,F4_G#3
707.271,C5
707.375,F4
707.453,C5
707.551,D#4_G3
707.669,C5
707.767,D4_F#3
707.878,C5
707.96,D#4_G3
708.062,C5
708.145,D4_F#3
708.241,C5
708.341,D#4_G3
708.484,C5
708.565,F4_G#3
708.669,C5
708.753,D#4_G3
708.878,C5
708.962,D4_F#3
709.059,C5
709.141,D#4_G3
709.243,C5
709.348,D4_F#3
709.444,C5
709.572,D#4_G3
709.68,C5
709.783,F4_G#3
709.891,C5
709.951,D#4_G3
710.082,C5
710.198,D4
710.271,F#3
710.385,A3
710.486,C4
710.573,D4
710.664,F#4
710.763,C5
710.901,D4_E4
710.986,F#4
711.072,A4
711.156,C5
711.238,F#5
711.35,C6
711.464,A#5
711.569,A5
711.661,G5
711.751,F#5
711.865,G5
711.943,F#5
712.061,G5
712.135,F#5
712.243,D#5
712.335,D5
712.434,C5
712.573,B4_G3
712.685,F5
712.785,C5_G#3
712.891,F5
712.988,B4_G3
713.094,F5
713.197,C5_G#3
713.318,F5
713.414,A#3_C#5
713.536,F5
713.594,C5_G#3
713.695,F5
713.809,B4_G3
713.913,F5
714.0,C5_G#3
714.09,F5
714.216,B4_G3
714.301,F5
714.43,C5_G#3
714.547,F5
714.655,A#3_C#5
714.772,F5
714.844,C5_G#3
714.984,F5
715.07,A#3_B4
715.225,G3
715.318,B3
715.4,D4
715.503,F4
715.586,B4
715.694,F5
715.802,G4
715.902,B4
715.995,D5
716.078,F5
716.167,B5
716.284,F6
716.396,D#6
716.478,D6
716.572,C6
716.664,B5
716.746,G#5
716.852,G5
716.952,F#5
717.068,G5
717.156,G#5
717.259,G5
717.365,F5
717.492,C4_E5
717.621,G4
717.721,B3_F5
717.844,G4
717.936,C4_E5
718.052,G4
718.146,C#4_F5
718.271,G4
718.358,C4_E5
718.491,G4
718.579,B3_F5
718.684,G4
718.788,C4_E5
718.904,G4
718.99,B3_F5
719.108,G4
719.21,C4_E5
719.32,G4
719.435,C#4_F5
719.526,G4
719.646,C4_E5
719.741,G4
719.828,B3_F5
719.952,G4
720.076,E5
720.177,C3
720.276,E3
720.374,G3
720.469,A#3
720.544,E4
720.65,A#4
720.775,C4
720.867,E4
720.961,G4
721.066,A#4
721.138,E5
721.25,A#5
721.35,A5
721.44,G5
721.536,F5
721.629,E5
721.717,D5
721.828,C5
721.932,D5
722.023,C5
722.116,A#4
722.232,A4
722.315,G4
722.449,A3_F4
722.566,D#5
722.673,A#3_F#4
722.789,D#5
722.896,A3_F4
723.007,D#5
723.113,A#3_F#4
723.233,D#5
723.341,B3_G#4
723.439,D#5
723.547,A#3_F#4
723.663,D#5
723.771,A3_F4
723.874,D#5
723.956,A#3_F#4
724.073,D#5
724.164,A3_F4
724.275,D#5
724.382,A#3_F#4
724.51,D#5
724.602,B3_G#4
724.714,D#5
724.81,A#3_F#4
724.928,D#5
725.042,F4
725.163,A3
725.258,C4
725.34,D#4
725.447,F4
725.529,A4
725.632,D#5
725.728,F4
725.844,A4
725.919,C5
726.018,D#5
726.102,A5
726.22,D#6
726.324,D6
726.421,C6
726.516,A#5
726.609,A5
726.701,G5
726.801,F5
726.9,G5
727.005,F5
727.098,D#5
727.189,D5
727.289,C5
727.415,A#3_D5
727.668,D4
727.88,D5_F4
728.095,A3_C5
728.314,C4
728.517,C5_F4
728.758,D#5_G3
729.027,A#3
729.229,D#4
729.456,F#3
729.672,A3
729.88,D4_D5
730.117,D#5_G3
730.326,A#3
730.518,D#4_D#5
730.741,D5_F3
730.961,A3
731.163,D4_D5
731.438,D#3_G5
731.732,G3
731.949,C4
732.164,D3
732.405,F3
732.611,A#3_F5
732.931,C3_F5
733.195,E5_G3
733.41,A#3_C5
733.613,F3
733.839,A3_D5
734.043,C4_D#5
734.279,A#2_D#5
734.492,D5_F3
734.697,A#3_A#4
734.919,F#3
735.115,A#3_C5
735.328,C#4_C#5
735.527,D#3
735.725,C5_F#3
735.954,A#3_C#5
736.161,E3
736.361,C5_G3
736.482,A#3
736.564,A#4
736.768,A4_F3
737.009,A3
737.24,C4
737.423,C5_F3
737.638,D#3
737.833,C3
738.048,A#2_A#3_D5
738.151,A#4
738.255,F4
738.353,A#4
738.444,D5
738.534,A#4
738.642,A2_A3_C5
738.745,A4
738.884,F4
738.952,A4
739.048,C5
739.134,A4
739.259,D#5_G2_G3
739.359,A#4
739.475,G4
739.577,A#4
739.669,D#5
739.77,A#4
739.871,D#5
739.977,A#4
740.072,D#5
740.172,A#4
740.259,D5_F#2_F#3
740.371,A4
740.475,D#5_G2_G3
740.573,A#4
740.665,G4
740.77,A#4
740.876,D#5
740.966,A#4
741.066,D5_F2_F3
741.181,A4
741.277,F4
741.368,A4
741.452,D5
741.557,A4
741.66,D#2_D#3_G5
741.749,A#4
741.866,G4
741.97,A#4
742.068,G5
742.167,A#4
742.271,G5
742.365,A#4
742.466,G5
742.564,A#4
742.65,D2_D3_F5
742.768,A#4
742.905,C3
743.036,G3
743.145,A#3
743.267,F4_G4
743.344,A#4
743.426,E5
743.504,F#3
743.62,A3
743.714,C4
743.832,A4
743.924,C5
744.017,D#5
744.12,G3
744.228,A#3
744.331,D4
744.41,G4
744.521,A#4
744.598,D5
744.697,D#3
744.807,G3
744.927,C4
744.979,B3_D#4
745.113,G4
745.201,C5
745.309,F2
745.413,D3
745.534,F3
745.641,D4
745.716,F4
745.822,A#4
745.961,F2
746.092,C3
746.212,F3
746.315,D#4
746.41,F4
746.518,A4
746.71,A#1
747.868,D2
748.09,F2
748.349,A#2
748.607,D3
748.81,F3
749.039,A#3
749.238,D4
749.465,F4
749.74,A2_C3_D#3_F#4
750.035,A4
750.241,C5
750.447,D#5
750.655,F#5
750.862,A5
751.141,C6_F#3
751.398,A5
751.612,F#5
751.836,D#5
752.061,D5
752.258,F#4
752.495,A#2_A4_D3_G3
752.708,G4
752.914,C#5
753.138,D5
753.341,F#5
753.536,G5
753.759,C#6
753.969,D6
754.156,A5
754.383,A#5
754.587,F#5
754.79,G5
755.034,A#3_C#4
755.253,F5
755.457,E5
755.661,A#3_C#4
755.87,E5
756.09,C#6
756.333,A#3_C4
756.559,C#6
756.772,C6
757.007,A#3_C4
757.214,C6
757.41,E5
757.648,G#2_G#3
757.917,E5
758.135,F5
758.375,C6
758.624,G5
758.81,A#5
759.016,G#5
759.22,E5
759.423,G5
759.624,F5
759.831,D#5
760.021,C#5
760.255,C5_D4
760.491,E4
760.68,F4
760.905,B4_G#4
761.126,E4
761.315,F4
761.546,C#4_F5_G#4
761.803,E4
762.01,F4
762.211,B4_G#4
762.422,G4
762.621,F4
762.866,C3_C4
763.06,C5_E4_G4
763.258,B4_D5_F4
763.48,C3_C4
763.68,B4_D5_F4
763.885,A#4_E5_G4
764.104,C3_C4
764.303,A#4_E5_G4
764.508,A4_C5_F5
764.704,C3_C4
764.913,A4_C5_F#5
765.103,A#4_E5_G5
765.293,C3_C4
765.504,A#4_E5_G5
765.695,A5_C5_F5
765.888,C3_C4
766.081,A5_C5_F#5
766.281,A#5_E5_G5
766.508,A#5_C2_E5_G5
766.732,E2
766.944,G2
767.128,C3
767.327,E3
767.51,G3
767.733,C4
767.889,C6
768.004,D6
768.099,C6
768.202,A#5
768.292,A5
768.392,G5
768.483,A5
768.585,A#5
768.659,A5
768.763,G5
768.861,F5
768.96,E5
769.049,F5
769.148,G5
769.223,F5
769.322,E5
769.415,D5
769.5,C5
769.585,C#5
769.682,D5
769.768,C5
769.866,A#4
769.956,A4
770.051,G4
770.146,A4
770.24,A#4
770.316,A4
770.41,G4
770.503,F4
770.599,E4
770.688,F4
770.788,G4
770.868,F4
770.965,E4
771.064,D4
771.163,C4
771.25,C#4
771.337,D4
771.422,C4
771.514,A#3
771.598,A3
771.697,G3
771.784,A3
771.888,A#3
771.969,A3
772.057,G3
772.147,F3
772.242,E3
772.333,F3
772.422,G3
772.495,F3
772.594,E3
772.681,D3
772.78,C3
772.871,D3
772.97,C3
773.064,A#2
773.174,A2
773.25,G2
773.393,A2_C3_F2_F3
773.568,C6_D6
773.668,B5
773.759,C6
773.858,F6
773.941,C6
774.042,A#5
774.126,A5
774.224,G#5
774.316,A5
774.401,C6
774.484,A5
774.577,G5
774.658,F5
774.754,E5
774.848,F5
774.944,A5
775.021,F5
775.118,D5
775.21,C5
775.302,B4
775.389,C5
775.479,F5
775.552,C5
775.659,A#4
775.757,A4
775.853,G#4
775.945,A4
776.038,C5
776.113,A4
776.223,A3_F4
776.328,F5
776.434,E4_G3
776.526,F5
776.624,A3_F4
776.721,F5
776.805,A#3_G4
776.914,F5
777.016,A3_F4
777.104,F5
777.199,A#3_G4
777.29,F5
777.393,A4_C4
777.474,F5
777.574,A#3_G4
777.663,F5
777.759,A4_C4
777.836,F5
777.967,A#4_C#4
778.082,F5
778.171,A#4
778.247,F5
778.354,A4_C4
778.443,F5
778.555,A#4_C#4
778.651,F5
778.753,A#4
778.839,F5
778.938,A4_C4
779.023,F5
779.13,B3_G#4
779.214,F5
779.316,B3_G#4
779.404,F5
779.508,B3_G#4
779.592,F5
779.753,C4_E5_G4
780.382,A2_C3_F2_F3
780.497,C6
780.613,B5
780.698,C6
780.798,F6
780.893,C6
780.988,A#5
781.078,A5
781.172,G#5
781.264,A5
781.352,C6
781.44,A5
781.525,G5
781.613,F5
781.708,E5
781.798,F5
781.917,A5
781.973,F5
782.076,D5
782.163,C5
782.258,B4
782.349,C5
782.439,F5
782.509,C5
782.621,A#4
782.707,A4
782.803,G#4
782.902,A4
782.992,C5
783.094,A4
783.189,A3_F4
783.284,F5
783.405,E4_G3
783.488,F5
783.592,A3_F4
783.689,F5
783.776,A#3_G4
783.9,F5
784.001,A3_F4
784.07,F5
784.173,A#3_G4
784.268,F5
784.357,A4_C4
784.443,F5
784.548,A#3_G4
784.632,F5
784.736,A4_C4
784.801,F5
784.941,A#4_C#4
785.035,F5
785.137,A#4
785.207,F5
785.326,A4_C4
785.414,F5
785.523,A#4_C#4
785.615,F5
785.703,A#4
785.781,F5
785.901,A4_C4
785.98,F5
786.09,B3_G#4
786.189,F5
786.719,A#3_G4
786.828,E5
787.387,A3_F#4
787.507,D#5
788.141,A#2
788.249,A#3
788.361,D4
788.453,G4
788.54,A#4
788.628,D5
788.728,A#3_C3_C5_G3
788.824,A#4
788.93,A4
789.014,G4
789.107,F4
789.193,E4
789.307,A3_F3_F4
789.53,C4
789.732,C4
789.96,C3_E4
790.042,A#4
790.233,A#3_C4
790.461,A#3_C4
790.661,A#3_C4
790.865,A#3_A4_C4
791.064,A#3_C4_G4
791.279,F3_G4
791.387,F4
791.54,A3_C4
791.753,A3_C4
791.979,A3_C4_F4
792.197,A3_C4
792.383,A3_C4
792.603,C3_E4
792.694,A#4
792.863,C4_G3
793.089,C4_G3
793.302,C4_G3
793.495,A4_C4_G3
793.685,C4_G3_G4
793.93,B4_F3
794.167,A3_C4
794.383,A3_C4
794.602,A3_C4_C5
794.803,A3_C4
795.034,A3_C4
795.236,C3_E4
795.322,A#4
795.493,A#3_C4
795.719,A#3_C4
795.924,A#3_C4
796.133,A#3_A4_C4
796.324,A#3_C4_G4
796.546,F3_F4
796.758,A3_C4
796.979,A3_A4_C4
797.199,A3_C4
797.391,A3_C4
797.599,A3_C4_C5
797.84,C3
798.055,C4_G3
798.245,A#4_C4_G3
798.47,A#3_C4
798.682,A#3_C4
798.904,A#3_C4_G4
799.156,A3_C4_F3_F4
799.953,C#4_C#5_C#6_D#3_G3
800.676,D3_D4_D5_D6_F#3
801.41,C6_D5
802.094,A#5_D3_D4_D5
802.745,A5_C3_C4_D5
803.409,A#2_A#3_D5_G5
804.09,A2_A3_C5_D5_F#5
804.716,G3_G5
804.819,D5
804.932,A#3_A#4
805.013,D5
805.104,D4_G5
805.198,D5
805.297,A5_F#3
805.402,D5
805.495,A3_C5
805.599,D5
805.671,A5_D4
805.78,D5
805.878,A#5_G3
805.969,G5
806.076,A#3_D5
806.169,G5
806.268,A#5_D4
806.366,G5
806.467,B5_F3
806.579,G5
806.663,B3_D5
806.766,G5
806.844,B5_D4
806.965,G5
807.081,C6_E3
807.557,D6
807.629,C6
807.732,A#5
808.141,C6
808.221,A#5
808.326,A5_B5_C5
808.76,A#5
808.85,A5
808.961,A#4_C5_G5
809.38,A5
809.462,G5
809.578,A4_C5_F5
810.016,G5
810.092,F5
810.217,A4_C5_E5_F4
810.595,F5
810.706,E5
810.815,F4_G5
810.928,F5
811.023,A4_E5
811.133,F5
811.225,C5_E5
811.318,F5
811.414,A5_E4
811.507,G5
811.599,F#5_G4
811.714,G5
811.806,C5_F#5
811.915,G5
811.993,A4_A5_C5_F4
812.122,G5
812.212,F5
812.316,G5
812.408,A5
812.504,A#5
812.602,C6
812.703,A#5
812.788,A5
812.902,A#5
813.001,C6
813.082,C#6
813.197,A#2_D6
813.292,D5
813.408,A#3_D6
813.509,C6
813.604,A#5
813.702,A5
813.775,E3_G5
813.909,F#5
814.008,E4_G5
814.103,A5
814.199,A#5
814.292,B5
814.374,A2_C6
814.492,C5
814.598,A3_C6
814.698,A#5
814.798,A5
814.897,G5
814.999,D3_F5
815.094,E5
815.195,D4_F5
815.29,G5
815.385,G#5
815.48,A5
815.572,A#5_G2
815.686,C6
815.77,A#5_A2
815.895,A5
815.988,A#2_G5
816.082,F5
816.189,C3_E5
816.292,F5
816.387,D3_E5
816.486,D5
816.577,C5_E3
816.68,A#4
816.785,A4_F3
816.906,C5
817.017,F5
817.107,G5
817.18,A2_F5
817.294,E5
817.393,A#2_D5
817.49,C5
817.586,A#4
817.671,A4
817.742,B2_G4
817.872,F4
817.97,C3_E4
818.074,F4
818.169,G4
818.245,F4
818.345,E4
818.44,D4
818.546,C4
818.642,D4
818.753,C4
818.861,A#3
818.962,G#3
819.059,G3
819.243,F3_G#4
819.569,G#3
819.768,C4
819.988,F3
820.195,G#3_G4
820.398,C4_F4
820.615,B4_E3
820.854,G3
821.055,C4_C5
821.283,E3_G4
821.522,G3
821.714,C4
822.003,C#5_E3
822.277,G3
822.484,A#3
822.686,E3
822.898,C5_G3
823.078,A#4_C4
823.299,F3_G#4
823.383,A#4
823.471,G#3_G#4
823.551,G4
823.645,C4_G#4
823.732,A#4
823.882,C5_F3
824.116,G#3
824.35,C4
824.616,F5_G#3
824.901,C4
825.108,F4
825.326,D#5_G3
825.529,A#3
825.734,D#4_F5
825.988,D#5_F3
826.199,G#3
826.396,C#4_C#5
826.622,C5_D#3
826.844,G3
827.06,C4
827.267,A#4_C#3
827.488,F3
827.678,A#3_G#4
827.902,C#3_G4
828.141,F3
828.333,B3_F4
828.577,C3_G#4
828.805,F3
829.036,C4
829.255,C3_G4
829.471,E3
829.702,C4
830.009,F3_G#4_G#5
830.301,G#3
830.539,C4
830.725,F3
830.93,G#3_G4_G5
831.116,C4_F4_F5
831.371,B4_B5_E3
831.592,G3
831.762,C4_C5_C6
832.012,E3_G4_G5
832.24,G3
832.458,C4
832.719,C#5_C#6_E3
832.978,G3
833.174,A#3
833.404,E3
833.599,C5_C6_G3
833.798,A#4_A#5_C4
834.012,A4_A5_D#3
834.224,F#3
834.431,A3_C5_C6
834.521,G3
834.648,A#4_A#5_D3
834.863,F3
835.085,A#3
835.319,B4_B5_C#3
835.565,F3
835.766,G#3
835.99,C3_C5_C6
836.21,F3
836.395,G#3
836.667,A#2_C#5_C#6
836.911,E3
837.095,G3
837.297,C6_G#2
837.508,C3
837.695,F3
837.831,F6
838.018,C3_C5_F5
838.242,F3
838.43,G#3
838.645,C3_G#5
838.74,G5
838.87,G3
839.036,A#3
839.246,A3_F3_F5
839.355,C5
839.457,B4
839.54,C5
839.635,D5
839.715,C5
839.798,A#4_G3
839.923,C5
840.014,A#4_E3
840.112,C5
840.207,A#4_C3
840.296,C5
840.409,A4_F3
840.513,C5
840.605,B4
840.697,C5
840.784,F5
840.885,C5
840.984,A#4_G3
841.083,C5
841.184,A#4_E3
841.285,C5
841.374,A#4_C3
841.471,C5
841.553,A4_F3
841.677,C6_D6
841.747,B5
841.85,C6
841.934,D6
842.022,C6
842.105,A#5_G4
842.198,C6
842.296,A#5_E4
842.385,C6
842.487,A#5_C4
842.585,C6
842.686,A5_F4
842.788,C6
842.891,B5
842.979,C6
843.062,F6
843.148,C6
843.238,A#5_G4
843.341,C6
843.445,A#5_E4
843.543,C6
843.641,A#5_C4
843.732,C6
843.846,A5_F4
843.957,B5_C6
844.044,F6
844.121,A5
844.22,G5
844.312,E6
844.408,F5
844.501,D6
844.609,E5
844.685,C6
844.796,D5
844.892,A#5
844.996,C5
845.087,A5
845.176,A#4
845.266,G5
845.35,A4
845.452,F5
845.547,G4
845.638,E5
845.743,F4
845.836,D5
845.943,E4
846.036,C5
846.174,B4_D4
846.385,D3
846.592,F3
846.803,A#4_C#4_G#3
847.033,G3
847.249,F3
847.449,A#5_C#5
847.656,E3
847.854,G3
848.066,C#4_E5_G4
848.259,C4
848.445,A#3
848.658,A3
848.889,C6
849.079,C6
849.271,A#3
849.483,D6
849.684,D6
849.961,A4_C4_C5_F5
850.659,A#4_A5_E5
850.775,G5
851.326,A4_F4_F5
851.443,C5
851.539,B4
851.625,C5
851.714,D5
851.793,C5
851.898,A#4_G3
852.008,C5
852.113,A#4_E3
852.215,C5
852.307,A#4_C3
852.397,C5
852.501,A4_F3
852.602,C5
852.695,B4
852.783,C5
852.887,F5
852.978,C5
853.078,A#4_G3
853.176,C5
853.285,A#4_E3
853.384,C5
853.471,A#4_C3
853.566,C5
853.656,A4_F3
853.768,C6
853.866,B5
853.953,C6
854.039,D6
854.129,C6
854.208,A#5_G4
854.31,C6
854.41,A#5_E4
854.51,C6
854.6,A#5_C4
854.694,C6
854.798,A5_F4
854.915,C6
855.013,B5
855.104,C6
855.197,F6
855.283,C6
855.391,A#5_G4
855.482,C6
855.586,A#5_E4
855.672,C6
855.772,A#5_C4
855.888,C6
855.984,A5_F4
856.09,C6
856.184,F6
856.264,A5
856.365,G5
856.451,E6
856.548,F5
856.641,D6
856.743,E5
856.84,C6
856.945,D5
857.026,A#5
857.132,C5
857.224,A5
857.319,A#4
857.411,G5
857.492,A4
857.595,F5
857.698,G4
857.781,E5
857.896,F4
857.984,D5
858.091,E4
858.172,C5
858.307,B4_D4
858.535,D3
858.738,F3
858.96,A#4_C#4_G#3
859.174,G3
859.38,F3
859.596,A#5_C#5
859.799,E3
859.999,G3
860.224,C#4_E5_G4
860.432,C4
860.629,A#3
860.862,A3
861.087,C6
861.289,C6
861.492,A#3
861.708,D6
861.914,D6
862.237,A4_C4_C5_F5
862.965,A#3_E5_G4
863.754,A3_B5
863.901,C6
864.0,B5_C4
864.092,C6
864.169,B5_F4
864.277,C6
864.354,A#3_C#6
864.471,D6
864.543,C#6_D4
864.646,D6
864.706,E6_G4
864.827,F6
864.931,C4_F5
865.142,F4
865.324,A4
865.513,A5_C4_E5
865.594,G5
865.75,G4
865.945,A#4
866.07,F5
866.158,A4_F4_F5
866.276,A5_B5
866.367,C6_D6
866.448,G6
866.535,E6_F6
866.602,D6
866.702,A#4_C4_C6_E4
866.796,D6
866.906,C6
867.0,A#5
867.1,A5
867.188,G5
867.276,A4_F4_F5
867.387,A5
867.478,G5
867.579,F5
867.665,E5
867.753,D5
867.85,A#4_C4_C5_E4
867.956,D5
868.044,C5
868.121,A#4
868.219,A4
868.307,G4
868.417,A3_F3_F4
868.516,A4
868.609,G4
868.706,F4
868.798,E4
868.895,D4
868.975,A#3_C3_C4_E3
869.089,D4
869.181,C4
869.254,A#3
869.342,A3
869.431,G3
869.539,F2_F3
869.766,A2_A3
869.978,C3_C4
870.167,F3_F4
870.359,A3_A4
870.536,C4_C5
870.734,F4_F5
871.385,A5_C5_C6_F3_F4
872.116,A2_A3_C6_D#6_F5
873.417,A#2_A#3_A#5_D6_F5
874.927,B2_B3_D6_F5_F6_G#5
876.714,A3_C3_C4_F4
878.072,A#3_A4
878.126,E4
878.22,G4
879.195,F4
879.507,A3_F3_F4
879.939,A2_A3
880.148,A#2_A#3
880.37,G3_G4
880.561,B2_B3
880.758,C3_C4
880.958,A3_A4
881.138,C#3_C#4
881.324,D3_D4
881.512,A#3_A#4
881.714,E3_E4
882.115,A#5
882.786,A#3_C4_E4_G4
883.065,A5
883.146,G5
883.228,F5
883.309,E5
883.391,A3_C4_F4_F5
883.617,G5
883.81,A5
884.111,A4_C4_C5
884.51,A#4_C#4_G4
884.803,A#4_D4_G4
885.66,A4_F4
886.815,A2_A3
887.042,A#2_A#3
887.243,G3_G4
887.439,B2_B3
887.642,C3_C4
887.848,A3_A4
888.03,C#3_C#4
888.221,D3_D4
888.423,A#3_A#4
888.633,E3_E4
889.053,A#5
889.814,A#3_E4_G4
890.113,A5
890.18,G5
890.263,F5
890.336,E5
890.426,A3_C4_F4_F5
890.509,G5
890.612,A5
891.237,A#3_D4_D5_F4
891.329,E5
891.421,F5
892.375,A3_C3_C4_F4
893.262,A#3_A4_E4
893.419,G4
893.958,F4
894.289,F3_F4
894.555,A3
894.797,A4_C4
895.115,C5_E4_F3
895.361,A#4_G3
895.572,A#3_G4
895.798,F3_F4
896.026,A3_C4
896.234,A4_C4
896.486,C5_E4_F3
896.72,A#4_G3
896.938,A#3_G4
897.189,F3_F4
897.436,A3_C4
897.648,A4_C4
897.943,F3_F4
898.22,A3_C4
898.526,A4_C4
899.029,A#3_F2_G4
901.053,A3_F4
